"Date","Depth_m","Temp_C","DO_mgL","Cond_uScm","Chla_ugL","Turb_NTU","pH","ORP_mV","SpCond_calc"
"2013-10-03 12:00:00",0.1,20.2324,7.48481,26.351553,1.0791,0.2735,NA,NA,28.9915578918379
"2013-10-03 12:00:00",1,20.1505,7.46907,26.261923,1.2775,0.1728,NA,NA,28.9427590844376
"2013-10-03 12:00:00",2,19.9895,7.22313,26.270727,1.6465,0.2735,NA,NA,29.0509156010213
"2013-10-03 12:00:00",3,19.5174,6.73227,25.981655,1.337,0.4917,NA,NA,29.0206271688549
"2013-10-03 12:00:00",4,19.035,5.24115,26.033544,1.0196,0.5085,NA,NA,29.3809609527931
"2013-10-03 12:00:00",5,17.6732,1.26496,27.301945,0.7142,0.8778,NA,NA,31.7443023501714
"2013-10-03 12:00:00",6,12.2841,0.2404,27.714591,10.0295,1.6163,NA,NA,36.6049767838605
"2013-10-03 12:00:00",7,10.4153,0.17174,28.46146,6.2129,1.3142,NA,NA,39.4513286438561
"2013-10-03 12:00:00",8,9.1169,0.15231,44.110436,4.7013,1.8513,NA,NA,63.3194943350284
"2013-10-03 12:00:00",9,8.1933,0.13283,54.594873,3.3167,2.4052,NA,NA,80.4057641147864
"2013-10-03 12:00:00",10,7.6962,0.11938,87.747909,1.9797,1.0456,NA,NA,131.065343015063
"2013-10-03 12:00:00",11,7.4425,0.11497,102.811918,1.214,0.9785,NA,NA,154.685394268502
"2013-10-03 12:00:00",12,7.3162,0.11147,113.717796,1.1268,1.0456,NA,NA,171.717044569772
"2013-10-16 12:00:00",0.1,17.5697,8.62747,35.349345,5.1377,1.5492,NA,NA,41.1958007194353
"2013-10-16 12:00:00",1,17.5806,8.61161,35.341119,5.7408,1.8681,NA,NA,41.1762239279974
"2013-10-16 12:00:00",2,17.5395,8.36052,35.290282,6.2407,1.9017,NA,NA,41.1546342412567
"2013-10-16 12:00:00",3,17.3191,7.53549,35.138776,6.923,2.1534,NA,NA,41.1801121818613
"2013-10-16 12:00:00",4,16.7653,5.90485,34.502898,5.3798,3.1605,NA,NA,40.942438070241
"2013-10-16 12:00:00",5,14.0855,9.33455,40.80353,13.9572,6.249,NA,NA,51.5500016076398
"2013-10-16 12:00:00",6,13.2894,7.7492,43.174854,3.9555,5.7286,NA,NA,55.6142243775095
"2013-10-16 12:00:00",7,13.2187,7.73753,43.321236,3.1303,7.0882,NA,NA,55.9000157385281
"2013-10-16 12:00:00",8,13.2,7.71148,43.34007,3.2652,7.105,NA,NA,55.9501045674008
"2013-10-16 12:00:00",9,13.1806,7.64418,43.416762,3.1342,7.1386,NA,NA,56.0759344927409
"2013-10-16 12:00:00",10,13.1751,7.64884,43.458149,3.289,7.3064,NA,NA,56.1370054974627
"2013-10-16 12:00:00",11,13.1751,7.64884,43.458149,3.289,7.3064,NA,NA,56.1370054974627
"2013-10-16 12:00:00",12,13.1751,7.64884,43.458149,3.289,7.3064,NA,NA,56.1370054974627
"2014-05-14 11:59:05",0.1,21.5335,9.44031,24.944245,3.8563,0.8274,NA,NA,26.712910833203
"2014-05-14 11:59:05",1,20.7267,9.68855,24.610803,2.075,0.5589,NA,NA,26.7980615909992
"2014-05-14 11:59:05",2,19.9773,9.72286,24.014085,1.4362,0.156,NA,NA,26.5623014007942
"2014-05-14 11:59:05",3,17.7273,9.75406,22.682085,2.4717,0.1896,NA,NA,26.34108784476
"2014-05-14 11:59:05",4,14.2853,9.20436,20.946298,2.9874,0.156,NA,NA,26.3359757071746
"2014-05-14 11:59:05",5,11.7211,8.24835,20.044314,3.0827,0.1896,NA,NA,26.8556254465847
"2014-05-14 11:59:05",6,9.6967,7.59549,19.03259,3.4159,0.1896,NA,NA,26.8933199852476
"2014-05-14 11:59:05",7,8.5209,7.20554,18.530212,4.9473,0.2903,NA,NA,27.041567170623
"2014-05-14 11:59:05",8,7.8544,6.40634,18.22127,7.0778,0.4749,NA,NA,27.0940581845831
"2014-05-14 11:59:05",9,7.3332,5.03166,18.229691,9.6962,1.0456,NA,NA,27.5138517914311
"2014-05-14 11:59:05",10,6.9084,2.91214,19.013411,2.2654,5.2083,NA,NA,29.0524840964275
"2014-05-14 11:59:05",11,6.8539,2.58582,19.039752,2.2098,4.9565,NA,NA,29.1390809153996
"2014-05-14 11:59:05",12,6.6833,0.65815,26.044657,1.5076,8.431,NA,NA,40.0593951223918
"2014-05-29 11:09:10",0.1,22.8648,8.92151,26.078793,3.2215,0.5085,NA,NA,27.1875649748241
"2014-05-29 11:09:10",1,22.5354,9.13367,25.89616,3.1779,0.4917,NA,NA,27.1754115172032
"2014-05-29 11:09:10",2,21.903,9.08091,25.518683,2.9081,0.5421,NA,NA,27.1230868175952
"2014-05-29 11:09:10",3,20.561,8.96113,24.742452,2.7256,0.4582,NA,NA,27.0345758062777
"2014-05-29 11:09:10",4,17.0268,9.06446,23.219702,4.3046,0.7771,NA,NA,27.391030546841
"2014-05-29 11:09:10",5,11.1783,7.36796,20.231637,4.7172,0.5085,NA,NA,27.4884306915466
"2014-05-29 11:09:10",6,8.9796,6.5476,18.940516,4.4435,0.5085,NA,NA,27.2914023934744
"2014-05-29 11:09:10",7,7.922,4.69937,18.857695,3.7293,0.8274,NA,NA,27.9866570734607
"2014-05-29 11:09:10",8,7.4196,3.29519,18.892956,3.408,1.3981,NA,NA,28.4440643529598
"2014-05-29 11:09:10",9,7.1392,0.28845,19.490202,2.4042,3.0766,NA,NA,29.5817622327287
"2014-05-29 11:09:10",10,6.9399,0.22408,22.806517,2.916,7.6253,NA,NA,34.8163410943395
"2014-05-29 11:09:10",11,6.8624,0.16379,32.739698,1.8925,5.7118,NA,NA,50.0934954602695
"2014-05-29 11:09:10",12,6.7514,0.15833,47.689307,1.6306,3.5298,NA,NA,73.2046659358067
"2014-06-04 10:57:55",0.1,23.5578,7.70516,26.801861,1.0553,0.2903,NA,NA,27.5610584677745
"2014-06-04 10:57:55",1,23.5571,7.72837,26.672103,1.2061,0.1896,NA,NA,27.4280020041532
"2014-06-04 10:57:55",2,23.468,7.68256,26.635006,1.6465,0.4917,NA,NA,27.4378710318368
"2014-06-04 10:57:55",3,21.5993,8.0371,25.597721,1.5909,0.4917,NA,NA,27.3758764308899
"2014-06-04 10:57:55",4,14.7595,7.87973,22.103224,2.8486,0.5421,NA,NA,27.4776812145154
"2014-06-04 10:57:55",5,11.5501,6.98284,20.493818,5.3837,0.5421,NA,NA,27.5785593219689
"2014-06-04 10:57:55",6,9.8365,6.58339,19.477596,3.7888,0.3742,NA,NA,27.4186690830357
"2014-06-04 10:57:55",7,8.4134,5.12698,19.033592,3.158,0.5085,NA,NA,27.8596386272436
"2014-06-04 10:57:55",8,7.7758,3.18428,19.066,1.706,1.5995,NA,NA,28.4135541088047
"2014-06-04 10:57:55",9,7.2414,0.30351,20.098542,1.587,3.043,NA,NA,30.4149747929339
"2014-06-04 10:57:55",10,6.9411,0.24168,38.573987,1.9599,4.1005,NA,NA,58.8848397681969
"2014-06-04 10:57:55",11,6.8007,0.18397,52.630322,1.4402,3.3116,NA,NA,80.6726806558442
"2014-06-04 10:57:55",12,6.7452,0.16952,59.987663,1.3291,3.0934,NA,NA,92.0997915475904
"2014-06-18 10:08:59",0.1,26.5018,7.39451,28.111264,0.5634,0.5085,NA,NA,27.3273946280782
"2014-06-18 10:08:59",1,26.4896,7.39402,28.10442,0.6864,0.4414,NA,NA,27.3269316304857
"2014-06-18 10:08:59",2,26.4456,7.3844,28.136574,0.9125,0.391,NA,NA,27.3805701721982
"2014-06-18 10:08:59",3,24.515,6.579,27.673376,1.2418,0.626,NA,NA,27.9321252421809
"2014-06-18 10:08:59",4,18.4536,6.51068,24.623346,2.3804,0.6932,NA,NA,28.1421324238618
"2014-06-18 10:08:59",5,13.0697,6.30636,21.762489,2.4558,0.4414,NA,NA,28.1849600521942
"2014-06-18 10:08:59",6,10.2099,5.71051,19.952183,5.4988,0.4078,NA,NA,27.8075682636996
"2014-06-18 10:08:59",7,8.8451,3.38309,19.686472,2.9676,1.5156,NA,NA,28.4716415813163
"2014-06-18 10:08:59",8,8.17,1.96527,19.623095,1.8171,2.3045,NA,NA,28.9192863574668
"2014-06-18 10:08:59",9,7.6458,0.27616,20.687787,2.8287,3.3116,NA,NA,30.944967440587
"2014-06-18 10:08:59",10,7.2657,0.19926,35.716015,2.9517,6.6518,NA,NA,54.0108457470945
"2014-06-18 10:08:59",11,7.006,0.1565,53.941728,1.3648,2.7745,NA,NA,82.1888283454307
"2014-06-18 10:08:59",12,6.8317,0.14309,85.072917,0.9958,3.4627,NA,NA,130.283016864066
"2014-06-25 11:26:34",0.1,26.6621,7.59363,28.614118,1.7814,0.5589,NA,NA,27.7336814965069
"2014-06-25 11:26:34",1,26.3005,7.55662,28.415958,2.0273,0.6764,NA,NA,27.7272261789663
"2014-06-25 11:26:34",2,26.1697,7.42072,28.322213,2.2773,0.7267,NA,NA,27.7032863986798
"2014-06-25 11:26:34",3,24.1546,6.19169,28.183502,2.9398,1.0456,NA,NA,28.6460538418316
"2014-06-25 11:26:34",4,17.7377,6.10528,24.67423,5.4631,1.0456,NA,NA,28.6479907982685
"2014-06-25 11:26:34",5,11.8613,5.32995,21.324171,2.9795,0.4078,NA,NA,28.4682562864258
"2014-06-25 11:26:34",6,10.0187,4.82764,19.977938,1.579,1.2974,NA,NA,27.9859036787429
"2014-06-25 11:26:34",7,8.7844,2.07806,19.705319,0.8847,1.5995,NA,NA,28.5467647398156
"2014-06-25 11:26:34",8,7.9784,0.30192,20.522369,2.2416,3.8991,NA,NA,30.4085804293528
"2014-06-25 11:26:34",9,7.3861,0.19862,37.746324,1.8329,5.7454,NA,NA,56.8833242253383
"2014-06-25 11:26:34",10,7.0672,0.15695,56.057085,0.9958,2.5563,NA,NA,85.2600609670034
"2014-06-25 11:26:34",11,6.9333,0.1348,74.995004,0.8649,2.892,NA,NA,114.509120976609
"2014-06-25 11:26:34",12,6.8802,0.11838,112.668464,1.1545,4.6712,NA,NA,172.299170245921
"2014-07-02 09:29:15",0.1,27.5475,7.76617,29.32652,1.3212,0.6932,NA,NA,27.9657819559251
"2014-07-02 09:29:15",1,27.3661,7.73847,29.279696,2.2694,0.6932,NA,NA,28.0136871627601
"2014-07-02 09:29:15",2,25.9502,7.61143,28.560154,3.6579,1.0121,NA,NA,28.0510603548114
"2014-07-02 09:29:15",3,24.1301,6.37543,28.281815,4.6299,1.5156,NA,NA,28.7596593281058
"2014-07-02 09:29:15",4,16.468,5.76812,24.185791,7.1532,0.9953,NA,NA,28.8944682134209
"2014-07-02 09:29:15",5,12.6727,5.34666,21.779928,4.7172,1.0121,NA,NA,28.4873046064294
"2014-07-02 09:29:15",6,9.7969,2.66799,20.216983,2.9121,0.7267,NA,NA,28.4898403272542
"2014-07-02 09:29:15",7,8.6865,0.58992,20.16367,1.3886,3.2445,NA,NA,29.2901134879737
"2014-07-02 09:29:15",8,7.9882,0.22949,20.896023,5.0306,6.7693,NA,NA,30.9536492425089
"2014-07-02 09:29:15",9,7.4064,0.16908,41.854971,2.678,4.3858,NA,NA,63.0381797013035
"2014-07-02 09:29:15",10,7.1015,0.14095,58.259475,1.1387,2.3213,NA,NA,88.52158280022
"2014-07-02 09:29:15",11,6.9079,0.13263,96.282176,0.9482,2.7409,NA,NA,147.121271716381
"2014-07-02 09:29:15",12,6.8591,0.10391,158.277946,1.2497,4.453,NA,NA,242.197111313618
"2014-07-09 10:48:02",0.1,26.6079,7.62507,28.647188,2.3566,1.5995,NA,NA,27.7936211579175
"2014-07-09 10:48:02",1,26.134,7.62096,28.322927,3.0985,1.5995,NA,NA,27.7224748286954
"2014-07-09 10:48:02",2,25.848,7.33404,28.258611,3.7531,1.5324,NA,NA,27.8082070323386
"2014-07-09 10:48:02",3,23.3371,4.89387,28.082728,6.082,2.3716,NA,NA,29.0039332350112
"2014-07-09 10:48:02",4,17.7333,4.39891,25.31073,5.7924,1.5995,NA,NA,29.3898662089024
"2014-07-09 10:48:02",5,12.3931,3.77691,21.947897,2.9874,1.8681,NA,NA,28.908930002219
"2014-07-09 10:48:02",6,9.8701,1.40144,20.678958,1.6504,2.1031,NA,NA,29.0835555976985
"2014-07-09 10:48:02",7,8.6468,0.35129,20.32818,1.4005,3.1437,NA,NA,29.5616451695146
"2014-07-09 10:48:02",8,7.874,0.2085,24.417684,2.3646,4.0669,NA,NA,36.287596222522
"2014-07-09 10:48:02",9,7.4109,0.17393,48.675971,1.6584,3.1437,NA,NA,73.3018653360082
"2014-07-09 10:48:02",10,7.1667,0.14392,65.49803,1.1664,2.7409,NA,NA,99.332153919362
"2014-07-09 10:48:02",11,6.9663,0.1315,99.611711,0.9403,3.0095,NA,NA,151.949888120217
"2014-07-09 10:48:02",12,6.8974,0.13147,165.264431,1.0752,4.1341,NA,NA,252.605076293522
"2014-07-16 09:22:17",0.1,25.7579,7.22811,28.152984,1.9083,1.096,NA,NA,27.7512598155487
"2014-07-16 09:22:17",1,25.7695,7.2365,28.196201,2.4717,1.4317,NA,NA,27.7877913263702
"2014-07-16 09:22:17",2,25.7709,7.26935,28.11262,3.1025,1.0288,NA,NA,27.7046908677717
"2014-07-16 09:22:17",3,25.5845,5.94246,28.117497,3.4278,1.3478,NA,NA,27.8070603684002
"2014-07-16 09:22:17",4,17.7392,2.85078,25.611295,8.4386,1.6499,NA,NA,29.7349801012104
"2014-07-16 09:22:17",5,11.9687,2.00532,21.986285,1.5275,1.9184,NA,NA,29.2720296627555
"2014-07-16 09:22:17",6,9.9571,0.91663,21.160706,1.4124,2.7073,NA,NA,29.6917100073762
"2014-07-16 09:22:17",7,8.7778,0.26679,21.426525,3.4794,6.5511,NA,NA,31.0459166056925
"2014-07-16 09:22:17",8,7.8179,0.20359,34.794985,3.2334,4.453,NA,NA,51.7919786745859
"2014-07-16 09:22:17",9,7.3856,0.17258,61.554914,1.3965,2.8752,NA,NA,92.7639608938965
"2014-07-16 09:22:17",10,7.1795,0.14946,77.658444,1.1387,2.892,NA,NA,117.73058605947
"2014-07-16 09:22:17",11,7.0282,0.14315,104.02426,1.1585,3.9494,NA,NA,158.395222744781
"2014-07-16 09:22:17",12,7.0395,0.12358,114.470211,1.0712,3.6977,NA,NA,174.243756169092
"2014-07-23 10:34:38",0.1,25.9965,7.84978,28.581747,1.5433,1.2638,NA,NA,28.0479069792774
"2014-07-23 10:34:38",1,25.7009,7.82794,28.338563,1.6584,1.331,NA,NA,27.9642009289658
"2014-07-23 10:34:38",2,25.1677,7.71718,28.042407,2.8724,1.2135,NA,NA,27.9528719943012
"2014-07-23 10:34:38",3,21.6272,2.43637,27.87677,4.2491,1.5324,NA,NA,29.7962593281221
"2014-07-23 10:34:38",4,16.3045,1.67578,24.974661,2.5986,1.566,NA,NA,29.948654897415
"2014-07-23 10:34:38",5,11.8443,1.26275,21.96954,1.6584,2.1031,NA,NA,29.3425581393827
"2014-07-23 10:34:38",6,10.1908,0.68507,21.361983,1.6743,2.6738,NA,NA,29.7875665967802
"2014-07-23 10:34:38",7,8.9308,0.19176,21.836125,5.8638,7.0379,NA,NA,31.506001024877
"2014-07-23 10:34:38",8,7.9364,0.16053,32.43785,2.9398,4.369,NA,NA,48.1212880436308
"2014-07-23 10:34:38",9,7.4126,0.14677,63.087528,1.6147,2.1031,NA,NA,94.999797163194
"2014-07-23 10:34:38",10,7.1883,0.11263,80.086936,1.1506,2.3716,NA,NA,121.381262796274
"2014-07-23 10:34:38",11,6.9635,0.10782,127.374754,1.0791,3.3284,NA,NA,194.31609488807
"2014-07-23 10:34:38",12,7.0134,0.11134,117.368688,1.0434,2.8248,NA,NA,178.79141744075
"2014-07-30 10:43:07",0.1,24.2081,7.17048,27.509008,1.0236,1.3813,NA,NA,27.9314797310614
"2014-07-30 10:43:07",1,23.9812,7.2055,27.024552,1.7179,1.3645,NA,NA,27.5608609990494
"2014-07-30 10:43:07",2,23.7127,6.83242,27.168307,2.6304,1.3813,NA,NA,27.8531442341367
"2014-07-30 10:43:07",3,22.5422,1.72949,28.257217,3.6063,2.3549,NA,NA,29.6490619722438
"2014-07-30 10:43:07",4,16.6367,0.82245,26.060038,2.682,2.4052,NA,NA,31.014219308556
"2014-07-30 10:43:07",5,12.3808,0.53015,23.076543,1.2339,2.4556,NA,NA,30.4049478527097
"2014-07-30 10:43:07",6,9.6359,0.21081,21.760327,3.0073,6.8196,NA,NA,30.7981880124412
"2014-07-30 10:43:07",7,8.3882,0.15339,24.54125,2.7454,3.3116,NA,NA,35.946571643654
"2014-07-30 10:43:07",8,7.6486,0.14676,53.831545,1.825,3.043,NA,NA,80.5152411739925
"2014-07-30 10:43:07",9,7.3734,0.12958,72.455013,1.4283,2.892,NA,NA,109.228892249633
"2014-07-30 10:43:07",10,7.2097,0.12659,86.498437,1.099,2.7241,NA,NA,131.017489454454
"2014-07-30 10:43:07",11,7.0273,0.10867,116.005726,0.9601,2.8752,NA,NA,176.643734619715
"2014-07-30 10:43:07",12,7.0189,0.09311,120.393841,0.972,2.9255,NA,NA,183.370384219751
"2014-08-13 08:59:12",0.1,21.6129,7.14981,25.856886,1.2537,4.1844,NA,NA,27.6453644243786
"2014-08-13 08:59:12",1,21.6082,7.15683,25.840325,2.0234,4.4362,NA,NA,27.6303098633983
"2014-08-13 08:59:12",2,21.6027,7.15729,25.775326,2.6105,4.3858,NA,NA,27.5639044868197
"2014-08-13 08:59:12",3,21.599,7.14331,25.79329,2.5471,4.1508,NA,NA,27.5851997490163
"2014-08-13 08:59:12",4,19.2448,1.1256,26.272194,2.8526,4.4698,NA,NA,29.5168091773949
"2014-08-13 08:59:12",5,13.6034,0.37754,23.998712,1.7814,5.309,NA,NA,30.6761433426883
"2014-08-13 08:59:12",6,10.5498,0.23794,23.381454,19.2893,9.0688,NA,NA,32.294773331723
"2014-08-13 08:59:12",7,8.7916,0.19196,25.073921,3.6381,6.1986,NA,NA,36.3169331413496
"2014-08-13 08:59:12",8,8.058,0.17286,45.876262,1.821,5.6279,NA,NA,67.8233781455506
"2014-08-13 08:59:12",9,7.4351,0.13571,81.385583,1.2656,5.3426,NA,NA,122.474504199265
"2014-08-13 08:59:12",10,7.2445,0.12131,95.140526,1.0712,5.3426,NA,NA,143.962554206013
"2014-08-13 08:59:12",11,7.1247,0.12031,123.786748,0.9522,5.0404,NA,NA,187.959572582764
"2014-08-13 08:59:12",12,7.1247,0.12031,123.786748,0.9522,5.0404,NA,NA,187.959572582764
"2014-09-04 08:37:43",0.1,25.8837,7.48408,28.671506,2.8565,0.8274,NA,NA,28.195601742733
"2014-09-04 08:37:43",1,25.8815,7.46818,28.70074,2.916,0.5589,NA,NA,28.2255168516988
"2014-09-04 08:37:43",2,24.8129,7.37354,28.693503,4.0626,0.8106,NA,NA,28.7964101392377
"2014-09-04 08:37:43",3,21.7209,2.39416,28.058163,4.5625,1.5156,NA,NA,29.9328837552256
"2014-09-04 08:37:43",4,17.647,0.66527,26.731603,3.3405,2.4891,NA,NA,31.0992537208381
"2014-09-04 08:37:43",5,13.4034,1.03635,23.582579,3.3326,2.657,NA,NA,30.2921379021693
"2014-09-04 08:37:43",6,9.9134,0.19175,26.748812,2.9478,1.0456,NA,NA,37.576686888177
"2014-09-04 08:37:43",7,8.5393,0.14947,39.121126,16.6311,7.3568,NA,NA,57.0610998417548
"2014-09-04 08:37:43",8,7.9216,0.13898,73.602627,7.1651,3.7312,NA,NA,109.234709645508
"2014-09-04 08:37:43",9,7.5829,0.12156,89.279616,2.674,2.9088,NA,NA,133.78562700122
"2014-09-04 08:37:43",10,7.4015,0.11362,99.68086,2.2455,2.8584,NA,NA,150.151479513304
"2014-09-04 08:37:43",11,7.2605,0.13579,120.830727,2.4558,3.3787,NA,NA,182.75135400878
"2014-09-04 08:37:43",12,7.2605,0.13579,120.830727,2.4558,3.3787,NA,NA,182.75135400878
"2014-09-25 08:45:54",0.1,19.3937,7.46792,26.170014,1.8448,1.0121,NA,NA,29.3083632036015
"2014-09-25 08:45:54",1,19.3886,7.47501,26.129617,2.0829,0.9953,NA,NA,29.2663144397856
"2014-09-25 08:45:54",2,19.3687,7.46726,26.129277,2.2019,0.9953,NA,NA,29.2783979493035
"2014-09-25 08:45:54",3,19.3584,7.47245,26.140292,2.3765,0.8778,NA,NA,29.2971987618115
"2014-09-25 08:45:54",4,19.3344,7.47098,26.123182,2.6383,1.2974,NA,NA,29.2930720320851
"2014-09-25 08:45:54",5,14.0564,0.40997,24.582082,4.2649,1.482,NA,NA,31.0781154714388
"2014-09-25 08:45:54",6,10.6705,0.24488,29.608126,7.8911,1.482,NA,NA,40.7653297357706
"2014-09-25 08:45:54",7,8.8658,0.18036,43.341458,10.5928,5.4265,NA,NA,62.6469410891974
"2014-09-25 08:45:54",8,7.9429,0.15358,86.864591,4.0507,2.9759,NA,NA,128.839188964722
"2014-09-25 08:45:54",9,7.6134,0.14081,101.839512,1.8409,2.2709,NA,NA,152.473546296859
"2014-09-25 08:45:54",10,7.4735,0.13451,110.635153,1.7179,2.0527,NA,NA,166.307667481631
"2014-09-25 08:45:54",11,7.3041,0.11788,151.387195,1.6385,2.2709,NA,NA,228.678692870185
"2014-09-25 08:45:54",12,7.3041,0.11788,151.387195,1.6385,2.2709,NA,NA,228.678692870185
"2014-10-23 08:35:33",0.1,13.4511,8.31572,23.635137,1.6743,2.6402,NA,NA,30.3241615475669
"2014-10-23 08:35:33",1,13.4848,8.30071,23.68813,2.5352,2.7409,NA,NA,30.3670739654176
"2014-10-23 08:35:33",2,13.4944,8.29178,23.756428,2.6066,2.6906,NA,NA,30.4474718544109
"2014-10-23 08:35:33",3,13.4956,8.28712,23.624559,2.6621,2.7409,NA,NA,30.2775722780473
"2014-10-23 08:35:33",4,13.4638,8.32991,23.612637,2.5986,2.6738,NA,NA,30.2858682065681
"2014-10-23 08:35:33",5,13.4372,8.30217,23.621077,2.551,2.422,NA,NA,30.3164489962735
"2014-10-23 08:35:33",6,13.4154,8.28906,23.497722,3.0509,2.7241,NA,NA,30.1742543353756
"2014-10-23 08:35:33",7,13.408,8.23649,23.876612,2.6621,2.6402,NA,NA,30.6663662957068
"2014-10-23 08:35:33",8,11.8946,3.28532,54.682613,2.3566,2.7241,NA,NA,72.9406048279945
"2014-10-23 08:35:33",9,7.9047,0.43745,110.676825,2.8486,2.2374,NA,NA,164.335782498708
"2014-10-23 08:35:33",10,7.6451,0.30057,124.930276,1.7853,2.1367,NA,NA,186.875504854811
"2014-10-23 08:35:33",11,7.5454,0.2548,139.528628,1.7179,2.3716,NA,NA,209.308491527836
"2014-10-23 08:35:33",12,7.5454,0.2548,139.528628,1.7179,2.3716,NA,NA,209.308491527836
"2016-05-12 10:36:01",0.1,19.178,6.51561,28.851021,2.0968,0.4829,NA,NA,32.4606519938461
"2016-05-12 10:36:01",1,19.154,7.40706,27.324868,1.8037,0.5175,NA,NA,30.7594219969935
"2016-05-12 10:36:01",2,18.7808,9.04401,23.226657,1.7181,0.5259,NA,NA,26.3575884830061
"2016-05-12 10:36:01",3,17.397,9.36808,22.753395,1.1894,0.5235,NA,NA,26.6189231485382
"2016-05-12 10:36:01",4,15.469,9.75848,22.064459,0.9774,0.5167,NA,NA,26.9750545841051
"2016-05-12 10:36:01",5,12.7387,10.51242,20.402367,1.8837,0.5177,NA,NA,26.6415809567807
"2016-05-12 10:36:01",6,10.7533,9.98072,19.433336,6.3359,0.806,NA,NA,26.698249179891
"2016-05-12 10:36:01",7,9.6135,7.45479,19.054647,9.4124,0.9702,NA,NA,26.9850804649677
"2016-05-12 10:36:01",8,8.4061,2.08744,19.580485,5.4801,1.3679,NA,NA,28.6659810913741
"2016-05-12 10:36:01",9,7.9334,0.18629,20.139512,2.0957,7.6827,NA,NA,29.8793429839125
"2016-05-12 10:36:01",10,7.7528,0.10861,21.504665,1.7506,10.2768,NA,NA,32.0688266047547
"2016-05-12 10:36:01",11,7.593,0.09223,31.735627,2.2729,11.4385,NA,NA,47.54213729107
"2016-05-12 10:36:01",12,7.553,0.08401,35.579543,2.3378,11.2959,NA,NA,53.361659769906
"2016-05-19 10:57:13",0.1,16.6825,9.18791,22.3412,2.1148,1.3682,NA,NA,26.5607543134387
"2016-05-19 10:57:13",1,16.6841,9.17058,22.357423,2.2907,1.3553,NA,NA,26.5790756645972
"2016-05-19 10:57:13",2,16.6671,9.19454,22.534981,2.4572,1.3395,NA,NA,26.8005064592367
"2016-05-19 10:57:13",3,16.6497,9.1344,22.552621,2.5183,1.3444,NA,NA,26.8320907394632
"2016-05-19 10:57:13",4,16.6106,9.12374,22.409131,2.5873,1.3485,NA,NA,26.6850830650372
"2016-05-19 10:57:13",5,13.3145,9.96445,20.956981,4.1614,1.352,NA,NA,26.9783644443449
"2016-05-19 10:57:13",6,10.6811,8.71468,19.606057,10.6006,1.3866,NA,NA,26.9866673780137
"2016-05-19 10:57:13",7,9.8162,6.88787,19.23832,11.4456,1.5687,NA,NA,27.096629130051
"2016-05-19 10:57:13",8,8.7056,1.53078,20.257913,6.7556,3.0652,NA,NA,29.4114265959187
"2016-05-19 10:57:13",9,8.0743,0.18333,24.967593,3.4048,11.3106,NA,NA,36.8950601411253
"2016-05-19 10:57:13",10,7.8275,0.09429,31.696432,2.3203,8.0598,NA,NA,47.1669410320827
"2016-05-19 10:57:13",11,7.5604,0.09241,49.049272,1.9943,5.5136,NA,NA,73.5477647115556
"2016-05-19 10:57:13",12,7.5604,0.09241,49.049272,1.9943,5.5136,NA,NA,73.5477647115556
"2016-05-26 10:31:38",0.1,20.6863,9.04746,24.345606,2.6801,1.6053,NA,NA,26.5315878289815
"2016-05-26 10:31:38",1,20.6536,9.06388,24.226651,2.5953,1.5652,NA,NA,26.4199346343931
"2016-05-26 10:31:38",2,18.2988,9.25008,23.061154,1.628,1.3536,NA,NA,26.4460628003158
"2016-05-26 10:31:38",3,17.6756,9.12595,22.89235,1.6141,1.3766,NA,NA,26.6157942116672
"2016-05-26 10:31:38",4,16.7103,8.56948,22.890365,2.5598,1.8926,NA,NA,27.1964712208596
"2016-05-26 10:31:38",5,13.9921,9.00356,21.384135,4.8984,2.066,NA,NA,27.0771245313591
"2016-05-26 10:31:38",6,11.2745,8.37399,19.978121,11.7507,1.4484,NA,NA,27.0763866484053
"2016-05-26 10:31:38",7,9.718,4.84669,19.769671,12.1057,1.8559,NA,NA,27.9187766147193
"2016-05-26 10:31:38",8,8.3909,0.17327,24.657135,5.794,4.1528,NA,NA,36.1135852377224
"2016-05-26 10:31:38",9,8.068,0.09368,34.118813,2.4821,5.9181,NA,NA,50.426948732395
"2016-05-26 10:31:38",10,7.9469,0.0844,36.62198,2.2165,4.7266,NA,NA,54.3122523759547
"2016-05-26 10:31:38",11,7.7577,0.07488,44.610496,2.0333,4.5374,NA,NA,66.5161082375176
"2016-05-26 10:31:38",12,7.8085,0.0628,46.508631,2.9239,7.349,NA,NA,69.2461263051682
"2016-05-29 11:38:33",0.1,23.1177,8.7251,25.640006,1.9913,2.1319,NA,NA,26.5961903746148
"2016-05-29 11:38:33",1,22.9614,8.6858,25.517221,2.2771,1.8387,NA,NA,26.5510459806193
"2016-05-29 11:38:33",2,19.6232,9.62994,23.851852,2.1907,1.6059,NA,NA,26.5817107601275
"2016-05-29 11:38:33",3,18.1381,9.43914,23.150933,1.9044,1.6726,NA,NA,26.6427992864989
"2016-05-29 11:38:33",4,16.938,8.6934,23.18063,2.8224,2.0464,NA,NA,27.3997601463235
"2016-05-29 11:38:33",5,14.0535,9.09608,21.490546,4.6187,2.3739,NA,NA,27.1715163767444
"2016-05-29 11:38:33",6,11.0209,8.22324,19.843648,12.4194,2.1417,NA,NA,27.0718552908633
"2016-05-29 11:38:33",7,9.9082,5.49816,19.451454,15.7481,2.2888,NA,NA,27.3291835232038
"2016-05-29 11:38:33",8,9.0251,1.04217,20.265517,8.4722,2.7803,NA,NA,29.164077548362
"2016-05-29 11:38:33",9,8.2975,0.12188,29.758231,4.6792,10.787,NA,NA,43.6989818750782
"2016-05-29 11:38:33",10,8.0537,0.09773,35.050897,2.6097,5.7961,NA,NA,51.8254718913745
"2016-05-29 11:38:33",11,7.6969,0.08116,57.034022,2.3126,5.3064,NA,NA,85.187606909218
"2016-05-29 11:38:33",12,7.8603,0.08802,49.68943,1.9945,4.9886,NA,NA,73.8731579017243
"2016-05-31 12:39:07",0.1,24.3209,8.6769,25.774265,2.2409,1.8434,NA,NA,26.1129713904408
"2016-05-31 12:39:07",1,23.7661,8.67904,25.594074,1.7069,1.8009,NA,NA,26.2118208251792
"2016-05-31 12:39:07",2,19.9931,9.80822,23.95155,1.7643,1.456,NA,NA,26.4842900658793
"2016-05-31 12:39:07",3,18.3591,9.52904,23.358614,2.1954,1.698,NA,NA,26.7518505596937
"2016-05-31 12:39:07",4,16.7732,8.46723,23.080163,2.9272,1.6591,NA,NA,27.3828876099858
"2016-05-31 12:39:07",5,14.4628,8.59883,21.822207,3.399,2.0938,NA,NA,27.3208067792016
"2016-05-31 12:39:07",6,10.9875,7.27181,19.925408,9.1622,1.7376,NA,NA,27.2070757430162
"2016-05-31 12:39:07",7,9.8164,4.56295,19.479536,13.4857,1.9008,NA,NA,27.4362274209822
"2016-05-31 12:39:07",8,8.9489,0.98327,20.529831,7.753,2.1467,NA,NA,29.6064619858335
"2016-05-31 12:39:07",9,8.3773,0.10287,28.582996,5.9081,12.0091,NA,NA,41.8794530624422
"2016-05-31 12:39:07",10,8.1199,0.08683,34.268643,3.1415,5.8134,NA,NA,50.5742978029682
"2016-05-31 12:39:07",11,7.6875,0.07219,58.086225,1.961,4.7439,NA,NA,86.7824787801257
"2016-05-31 12:39:07",12,7.6875,0.07219,58.086225,1.961,4.7439,NA,NA,86.7824787801257
"2016-06-02 11:42:40",0.1,24.2618,8.53096,25.867256,0.9917,2.7912,NA,NA,26.2371904147151
"2016-06-02 11:42:40",1,23.1865,9.84805,25.903117,1.2043,2.8259,NA,NA,26.8325384416615
"2016-06-02 11:42:40",2,20.5774,10.1083,24.094635,1.8583,2.6104,NA,NA,26.3177380178095
"2016-06-02 11:42:40",3,19.2529,9.80768,23.725386,2.0331,2.1978,NA,NA,26.6508381049539
"2016-06-02 11:42:40",4,17.472,8.93852,23.101117,2.6481,2.7587,NA,NA,26.9805032660013
"2016-06-02 11:42:40",5,13.5322,9.08212,20.985747,3.4838,2.6899,NA,NA,26.8715582165255
"2016-06-02 11:42:40",6,11.0347,7.5388,19.78992,9.1571,2.6392,NA,NA,26.9888514863505
"2016-06-02 11:42:40",7,9.8543,4.26669,19.355741,13.3313,2.4648,NA,NA,27.2340994510713
"2016-06-02 11:42:40",8,8.8933,1.10407,20.555909,9.2639,3.0545,NA,NA,29.689538289672
"2016-06-02 11:42:40",9,8.2957,0.0802,30.08291,5.6189,12.2754,NA,NA,44.1779926560311
"2016-06-02 11:42:40",10,8.0848,0.07244,38.101779,2.5571,5.6825,NA,NA,56.2870014356799
"2016-06-02 11:42:40",11,7.695,0.06279,58.146892,2.0399,5.0009,NA,NA,86.8545284398435
"2016-06-02 11:42:40",12,7.695,0.06279,58.146892,2.0399,5.0009,NA,NA,86.8545284398435
"2016-06-07 12:48:10",0.1,25.2975,5.39383,26.749625,0.8172,0.1857,NA,NA,26.5984857543225
"2016-06-07 12:48:10",1,24.8828,6.57789,26.705216,0.886,1.2759,NA,NA,26.7651302794331
"2016-06-07 12:48:10",2,24.761,8.13325,26.620428,1.1048,1.1466,NA,NA,26.7425048604374
"2016-06-07 12:48:10",3,19.7382,9.55577,24.158507,1.7354,1.1312,NA,NA,26.8577178498419
"2016-06-07 12:48:10",4,17.357,8.25616,23.499796,3.0416,1.1425,NA,NA,27.5167229944731
"2016-06-07 12:48:10",5,13.4681,8.23218,21.059755,4.4542,1.6487,NA,NA,27.0086642006931
"2016-06-07 12:48:10",6,10.9362,5.76252,20.008002,7.3737,1.4205,NA,NA,27.3564537638924
"2016-06-07 12:48:10",7,9.7738,2.47859,19.689789,12.4755,2.0274,NA,NA,27.7641792788224
"2016-06-07 12:48:10",8,8.7894,0.12573,22.661823,11.4102,10.4777,NA,NA,32.8252610883025
"2016-06-07 12:48:10",9,8.259,0.0761,35.805114,4.3583,7.2005,NA,NA,52.6354680925411
"2016-06-07 12:48:10",10,8.1057,0.06491,41.628662,2.1979,4.5091,NA,NA,61.4609511765116
"2016-06-07 12:48:10",11,7.7586,0.05083,73.734835,1.7145,3.4371,NA,NA,109.938893311039
"2016-06-07 12:48:10",12,7.7586,0.05083,73.734835,1.7145,3.4371,NA,NA,109.938893311039
"2016-06-07 20:20:00",0.1,24.8571,8.26178,26.869633,1.9389,1.7587,NA,NA,26.9431714226493
"2016-06-07 20:20:00",1,24.8669,8.40985,26.870248,1.8586,1.7656,NA,NA,26.9387319136582
"2016-06-07 20:20:00",2,24.8726,8.46028,26.938161,2.0433,1.7639,NA,NA,27.0038705984821
"2016-06-07 20:20:00",3,19.6199,9.80674,24.23226,2.1234,1.5111,NA,NA,27.0075537975571
"2016-06-07 20:20:00",4,17.1413,8.13821,23.589765,3.6439,1.3632,NA,NA,27.7559683191939
"2016-06-07 20:20:00",5,13.7407,8.37742,21.561401,5.2949,1.8672,NA,NA,27.4685944867871
"2016-06-07 20:20:00",6,11.2755,6.18614,20.500459,7.6164,2.0074,NA,NA,27.7835931526767
"2016-06-07 20:20:00",7,9.8218,2.75094,20.258756,15.8035,2.2839,NA,NA,28.529586364037
"2016-06-07 20:20:00",8,8.7516,0.18701,22.788156,10.6524,5.6002,NA,NA,33.0428076299421
"2016-06-07 20:20:00",9,8.2282,0.10468,36.59004,9.0215,8.1605,NA,NA,53.8359095629509
"2016-06-07 20:20:00",10,7.9892,0.08547,44.570776,2.2284,4.4985,NA,NA,66.0216125251469
"2016-06-07 20:20:00",11,7.6759,0.06719,81.624383,1.9462,4.4367,NA,NA,121.989539562639
"2016-06-07 20:20:00",12,7.6759,0.06719,81.624383,1.9462,4.4367,NA,NA,121.989539562639
"2016-06-08 01:21:30",0.1,23.6666,6.16465,25.635834,1.5721,1.7215,NA,NA,26.3057882364588
"2016-06-08 01:21:30",1,23.7342,5.73239,25.418458,1.7209,1.7502,NA,NA,26.048220086421
"2016-06-08 01:21:30",2,23.898,5.62054,25.700668,1.68,1.7376,NA,NA,26.2532516922692
"2016-06-08 01:21:30",3,19.7568,9.82894,24.363485,3.2917,1.1609,NA,NA,27.0749045668342
"2016-06-08 01:21:30",4,17.7311,8.96749,23.695303,3.4218,1.5683,NA,NA,27.5154357646693
"2016-06-08 01:21:30",5,14.1874,8.09968,21.827241,5.0353,1.902,NA,NA,27.5082663147852
"2016-06-08 01:21:30",6,11.5586,6.7353,20.664559,6.9393,1.7283,NA,NA,27.8022516362375
"2016-06-08 01:21:30",7,9.8488,3.08652,19.900599,13.1847,2.4052,NA,NA,28.0048701114116
"2016-06-08 01:21:30",8,8.7013,0.12539,23.169014,8.6248,8.2951,NA,NA,33.6419165510506
"2016-06-08 01:21:30",9,8.1786,0.0804,37.479042,13.6034,8.1488,NA,NA,55.2208931969097
"2016-06-08 01:21:30",10,8.0358,0.07129,43.140334,2.8861,4.6003,NA,NA,63.8185933987943
"2016-06-08 01:21:30",11,7.7257,0.0709,65.680711,1.8709,4.3959,NA,NA,98.0220065678511
"2016-06-08 01:21:30",12,7.7257,0.0709,65.680711,1.8709,4.3959,NA,NA,98.0220065678511
"2016-06-08 03:11:04",0.1,24.0375,7.44431,26.089353,1.6576,1.9274,NA,NA,26.577955489225
"2016-06-08 03:11:04",1,24.0663,6.20445,26.008446,1.5473,1.7299,NA,NA,26.4806939574074
"2016-06-08 03:11:04",2,24.1031,5.68867,25.986376,1.7027,1.7513,NA,NA,26.4393021325798
"2016-06-08 03:11:04",3,19.7526,9.78803,24.347331,1.7752,1.7004,NA,NA,27.0593650636927
"2016-06-08 03:11:04",4,17.3355,8.54896,23.857234,3.7645,1.1889,NA,NA,27.9486984688113
"2016-06-08 03:11:04",5,13.9467,8.23982,21.49178,5.0361,1.7136,NA,NA,27.2433403440568
"2016-06-08 03:11:04",6,11.1045,6.77949,20.413101,8.2637,2.0078,NA,NA,27.7882024805609
"2016-06-08 03:11:04",7,9.7672,2.74435,20.097148,14.573,2.2499,NA,NA,28.3436263034136
"2016-06-08 03:11:04",8,8.619,0.10842,23.950244,9.1332,10.1389,NA,NA,34.8558372890788
"2016-06-08 03:11:04",9,8.1821,0.0744,37.974777,9.0228,7.1049,NA,NA,55.9457891180374
"2016-06-08 03:11:04",10,7.9815,0.07029,44.710212,2.7959,4.5568,NA,NA,66.2425867288918
"2016-06-08 03:11:04",11,7.7325,0.064,65.219354,2.0249,4.2159,NA,NA,97.3146137871941
"2016-06-08 03:11:04",12,7.7325,0.064,65.219354,2.0249,4.2159,NA,NA,97.3146137871941
"2016-06-08 05:48:53",0.1,22.7754,6.21952,25.143463,1.8065,1.7301,NA,NA,26.2592132966863
"2016-06-08 05:48:53",1,23.208,5.78897,25.409288,1.7605,1.7386,NA,NA,26.3097987435554
"2016-06-08 05:48:53",2,23.3906,7.89839,26.217666,1.8554,1.7447,NA,NA,27.0491442516906
"2016-06-08 05:48:53",3,20.0214,10.00389,24.396674,3.0393,1.3785,NA,NA,26.9603695064322
"2016-06-08 05:48:53",4,18.1783,9.25741,23.938461,3.2556,1.2811,NA,NA,27.5247887638475
"2016-06-08 05:48:53",5,14.6171,8.07304,22.156265,4.9284,2.009,NA,NA,27.6370650621195
"2016-06-08 05:48:53",6,11.6792,7.00318,20.644432,7.0566,1.7385,NA,NA,27.6893607373403
"2016-06-08 05:48:53",7,10.0533,3.17652,20.200215,14.7353,2.1434,NA,NA,28.2711060489264
"2016-06-08 05:48:53",8,8.8481,0.17579,22.822619,10.9423,6.6898,NA,NA,33.0045720548054
"2016-06-08 05:48:53",9,8.2095,0.10125,39.006965,8.1562,8.1555,NA,NA,57.4221724390549
"2016-06-08 05:48:53",10,7.9194,0.08761,48.901831,2.5425,5.0935,NA,NA,72.5804319142822
"2016-06-08 05:48:53",11,7.7412,0.08332,63.467908,1.9451,4.7445,NA,NA,94.6777844853157
"2016-06-08 05:48:53",12,7.7412,0.08332,63.467908,1.9451,4.7445,NA,NA,94.6777844853157
"2016-06-08 11:57:41",0.1,22.0734,6.27845,24.850804,0.3966,3.0952,NA,NA,26.3221617784198
"2016-06-08 11:57:41",1,22.8842,7.06181,25.301891,0.7364,1.9267,NA,NA,26.3674464448928
"2016-06-08 11:57:41",2,23.016,8.16983,25.971287,1.1623,2.4798,NA,NA,26.9942166431627
"2016-06-08 11:57:41",3,22.9365,8.32808,25.878617,1.3989,2.0607,NA,NA,26.9404155572974
"2016-06-08 11:57:41",4,22.9371,8.32973,26.080098,1.4257,2.0556,NA,NA,27.1498394110731
"2016-06-08 11:57:41",5,15.2651,7.89413,22.582784,3.1214,1.9688,NA,NA,27.7408168977893
"2016-06-08 11:57:41",6,11.8652,7.18382,20.766537,5.8291,1.7785,NA,NA,27.7210453919779
"2016-06-08 11:57:41",7,9.9142,2.92738,20.080929,14.4386,2.1908,NA,NA,28.209050353944
"2016-06-08 11:57:41",8,8.4832,0.16821,29.519214,13.6321,6.236,NA,NA,43.1233867742544
"2016-06-08 11:57:41",9,8.1589,0.09839,40.157256,2.7461,5.299,NA,NA,59.1997414138993
"2016-06-08 11:57:41",10,7.9455,0.08598,46.501982,1.9667,4.286,NA,NA,68.9675310995084
"2016-06-08 11:57:41",11,7.7236,0.07894,79.759531,1.7655,4.0003,NA,NA,119.040387644108
"2016-06-08 11:57:41",12,7.7236,0.07894,79.759531,1.7655,4.0003,NA,NA,119.040387644108
"2016-06-16 10:53:21",0.1,24.3533,8.01684,26.798511,0.6474,1.7077,NA,NA,27.1336652187723
"2016-06-16 10:53:21",1,24.3431,8.03886,26.905085,0.5938,1.7176,NA,NA,27.2469467186197
"2016-06-16 10:53:21",2,24.3052,8.0907,26.809504,0.8846,1.7557,NA,NA,27.1700692951943
"2016-06-16 10:53:21",3,24.304,8.1284,26.905419,0.9545,1.7437,NA,NA,27.2679076572322
"2016-06-16 10:53:21",4,19.3618,8.51868,25.351564,1.1019,1.5589,NA,NA,28.4111499408984
"2016-06-16 10:53:21",5,14.0592,7.07546,22.017778,1.7305,1.1955,NA,NA,27.8342894192529
"2016-06-16 10:53:21",6,11.5035,5.03955,20.824227,2.4922,1.2146,NA,NA,28.056796339237
"2016-06-16 10:53:21",7,10.1468,2.7023,20.661444,7.8514,2.1798,NA,NA,28.844523360672
"2016-06-16 10:53:21",8,9.0598,0.38227,23.649919,12.1831,4.338,NA,NA,34.0021348525549
"2016-06-16 10:53:21",9,8.4814,0.10283,38.400993,5.7666,11.2936,NA,NA,56.1012243863262
"2016-06-16 10:53:21",10,8.2243,0.08717,45.946039,3.1106,6.1365,NA,NA,67.6090523185113
"2016-06-16 10:53:21",11,8.0462,0.07693,52.069003,3.0563,4.8135,NA,NA,77.0043725774474
"2016-06-16 10:53:21",12,8.0462,0.07693,52.069003,3.0563,4.8135,NA,NA,77.0043725774474
"2016-06-23 11:48:04",0.1,23.5721,6.3593,26.402181,2.4143,1.4082,NA,NA,27.1424336060707
"2016-06-23 11:48:04",1,23.9927,6.24835,26.547497,2.4225,1.399,NA,NA,27.0682751856551
"2016-06-23 11:48:04",2,24.0898,7.80994,27.246816,2.519,1.3939,NA,NA,27.7288775449205
"2016-06-23 11:48:04",3,24.0759,7.98497,27.097582,2.4324,1.4125,NA,NA,27.5844562031673
"2016-06-23 11:48:04",4,23.993,7.94739,26.952543,2.2652,1.3929,NA,NA,27.481106355306
"2016-06-23 11:48:04",5,16.2979,6.64703,23.453817,3.1151,1.1151,NA,NA,28.1291693282585
"2016-06-23 11:48:04",6,13.6299,5.18097,22.186542,2.0117,0.9537,NA,NA,28.3414165372507
"2016-06-23 11:48:04",7,11.712,3.44435,21.711883,1.9482,1.169,NA,NA,29.0966313016685
"2016-06-23 11:48:04",8,9.8214,2.37361,22.550785,2.5943,2.08,NA,NA,31.7576997489074
"2016-06-23 11:48:04",9,8.7513,0.15578,39.796343,11.6498,14.2613,NA,NA,57.7051443629008
"2016-06-23 11:48:04",10,8.3915,0.1016,47.177715,3.5042,6.3784,NA,NA,69.0967476747372
"2016-06-23 11:48:04",11,8.0602,0.08386,67.8428,3.3351,5.4406,NA,NA,100.292435586722
"2016-06-23 11:48:04",12,8.0545,0.07639,69.65558,3.3737,5.7087,NA,NA,102.988854955478
"2016-06-26 16:10:55",0.1,25.0914,6.15714,28.023631,1.4518,1.3818,NA,NA,27.974794282629
"2016-06-26 16:10:55",1,24.5738,6.7475,27.800471,1.7816,1.6383,NA,NA,28.0286358679925
"2016-06-26 16:10:55",2,24.1981,8.31501,27.237927,3.3824,1.6806,NA,NA,27.6616000888245
"2016-06-26 16:10:55",3,23.4898,7.85171,27.168599,3.8569,1.7422,NA,NA,27.9755486656623
"2016-06-26 16:10:55",4,21.3788,7.83796,26.901568,4.5591,2.2037,NA,NA,28.9004664499752
"2016-06-26 16:10:55",5,16.2884,6.08345,23.564438,3.632,1.3634,NA,NA,28.2679935438274
"2016-06-26 16:10:55",6,12.7116,4.31798,21.992904,3.6331,1.2247,NA,NA,28.7379413932123
"2016-06-26 16:10:55",7,11.2546,2.77269,21.557118,2.8975,1.3077,NA,NA,29.2314625851124
"2016-06-26 16:10:55",8,9.8079,3.35675,22.548858,1.7801,2.2576,NA,NA,31.7665211780231
"2016-06-26 16:10:55",9,8.8525,0.11201,39.606574,11.2086,12.0876,NA,NA,57.2694648615802
"2016-06-26 16:10:55",10,8.4633,0.08213,47.815454,3.2153,6.7659,NA,NA,69.890406772922
"2016-06-26 16:10:55",11,8.0911,0.0661,61.87607,3.3746,6.0666,NA,NA,91.3920434332972
"2016-06-26 16:10:55",12,8.0911,0.0661,61.87607,3.3746,6.0666,NA,NA,91.3920434332972
"2016-06-28 11:31:45",0.1,24.6053,8.61353,26.91114,1.9081,1.3785,NA,NA,27.1155579548432
"2016-06-28 11:31:45",1,25.0295,6.46486,27.221884,2.0716,1.4568,NA,NA,27.2065544668856
"2016-06-28 11:31:45",2,25.0359,6.39708,27.346664,2.3396,1.4252,NA,NA,27.3279255147538
"2016-06-28 11:31:45",3,24.8191,6.52693,27.33716,2.6438,1.4645,NA,NA,27.4319425736611
"2016-06-28 11:31:45",4,23.325,6.56046,27.623341,3.4442,2.0092,NA,NA,28.5362882002464
"2016-06-28 11:31:45",5,20.5051,6.32172,28.001102,5.3254,1.1895,NA,NA,30.6308388490648
"2016-06-28 11:31:45",6,16.7888,7.6139,26.61354,4.844,1.4434,NA,NA,31.5638171782242
"2016-06-28 11:31:45",7,15.1172,8.27644,25.590471,5.1509,1.8908,NA,NA,31.5449406914257
"2016-06-28 11:31:45",8,9.9138,8.15384,23.29364,6.3265,3.714,NA,NA,32.7225157735387
"2016-06-28 11:31:45",9,8.667,0.27939,43.710129,4.7089,8.612,NA,NA,63.5284984282157
"2016-06-28 11:31:45",10,8.4185,0.10711,50.243777,3.6085,7.0861,NA,NA,73.5317810425054
"2016-06-28 11:31:45",11,8.0672,0.09092,70.206421,3.5532,7.3371,NA,NA,103.766081976103
"2016-06-28 11:31:45",12,8.0672,0.09092,70.206421,3.5532,7.3371,NA,NA,103.766081976103
"2016-06-30 15:02:04",0.1,25.6058,8.54617,28.032194,0.6361,1.1924,NA,NA,27.7115497543336
"2016-06-30 15:02:04",1,25.2953,8.86763,28.027921,0.6894,1.1675,NA,NA,27.8707237080203
"2016-06-30 15:02:04",2,24.8785,9.12958,28.127777,3.0642,1.7046,NA,NA,28.1932035578365
"2016-06-30 15:02:04",3,24.1871,8.96819,27.989488,4.1956,1.6936,NA,NA,28.4309175133704
"2016-06-30 15:02:04",4,21.3184,7.37719,27.089399,6.7321,1.9268,NA,NA,29.1383670088111
"2016-06-30 15:02:04",5,15.6954,5.32302,23.660464,3.9167,1.128,NA,NA,28.7741431426444
"2016-06-30 15:02:04",6,13.1127,3.96104,22.642489,4.7281,1.1135,NA,NA,29.293503739822
"2016-06-30 15:02:04",7,11.1511,2.1154,21.768655,5.355,1.6656,NA,NA,29.5976465956164
"2016-06-30 15:02:04",8,9.73,2.18519,23.298727,7.0207,5.8595,NA,NA,32.8918715932818
"2016-06-30 15:02:04",9,8.7395,0.1132,42.344302,5.6151,10.1975,NA,NA,61.4197857357684
"2016-06-30 15:02:04",10,8.357,0.08111,52.50655,3.5517,6.4778,NA,NA,76.9756788664495
"2016-06-30 15:02:04",11,8.1426,0.07512,63.858366,3.2821,5.7078,NA,NA,94.1830938466071
"2016-06-30 15:02:04",12,8.1426,0.07512,63.858366,3.2821,5.7078,NA,NA,94.1830938466071
"2016-07-07 11:52:52",0.1,26.0149,6.52896,28.305434,1.7939,1.4438,NA,NA,27.7671786268615
"2016-07-07 11:52:52",1,25.9044,6.0897,28.411995,1.9134,1.4202,NA,NA,27.9295390256887
"2016-07-07 11:52:52",2,25.1246,8.00934,27.933741,2.2999,1.6844,NA,NA,27.8674204407898
"2016-07-07 11:52:52",3,23.2979,7.2103,27.722867,5.3904,2.0405,NA,NA,28.6544255258316
"2016-07-07 11:52:52",4,20.3772,5.9916,26.730956,6.1575,2.2229,NA,NA,29.3197581163687
"2016-07-07 11:52:52",5,17.5809,4.87703,24.770985,6.6209,1.3923,NA,NA,28.8606825351078
"2016-07-07 11:52:52",6,13.5431,3.04526,23.066316,5.3836,1.3781,NA,NA,29.5277868015981
"2016-07-07 11:52:52",7,11.2111,1.99136,22.360256,2.2907,2.8007,NA,NA,30.3547167329858
"2016-07-07 11:52:52",8,9.5719,0.12657,28.873874,8.6497,8.5782,NA,NA,40.9370772373049
"2016-07-07 11:52:52",9,8.7104,0.08533,49.032767,3.9709,5.6965,NA,NA,71.1786894523171
"2016-07-07 11:52:52",10,8.4101,0.06869,56.141541,2.9646,4.5734,NA,NA,82.1824569980093
"2016-07-07 11:52:52",11,8.0185,0.06693,90.442684,2.7512,4.7152,NA,NA,133.859595308748
"2016-07-07 11:52:52",12,8.0185,0.06693,90.442684,2.7512,4.7152,NA,NA,133.859595308748
"2016-07-14 11:28:58",0.1,26.9835,4.63036,28.814968,0.9328,0.9395,NA,NA,27.763164670917
"2016-07-14 11:28:58",1,26.5884,8.16443,28.654595,1.2288,1.6174,NA,NA,27.8108569840411
"2016-07-14 11:28:58",2,26.2121,8.13468,28.391193,1.5934,1.3917,NA,NA,27.7487779884244
"2016-07-14 11:28:58",3,24.9425,7.94531,28.516542,2.4342,1.4235,NA,NA,28.5478947253822
"2016-07-14 11:28:58",4,21.2548,4.8831,27.751947,8.1271,1.9461,NA,NA,29.8900839392535
"2016-07-14 11:28:58",5,17.502,3.57935,25.065148,5.4387,1.947,NA,NA,29.2547773183618
"2016-07-14 11:28:58",6,13.0232,1.99742,23.287071,3.4516,2.4248,NA,NA,30.194202575188
"2016-07-14 11:28:58",7,11.2343,1.60144,22.463223,4.1938,7.8535,NA,NA,30.4761646211018
"2016-07-14 11:28:58",8,9.8093,0.09577,31.388151,5.8739,6.9382,NA,NA,44.2175299292057
"2016-07-14 11:28:58",9,8.8195,0.07402,52.94786,3.3177,3.9567,NA,NA,76.6302514738894
"2016-07-14 11:28:58",10,8.5654,0.06395,61.474725,2.4789,3.7517,NA,NA,89.6003528003256
"2016-07-14 11:28:58",11,8.2183,0.04786,78.158913,2.7019,4.0842,NA,NA,115.029312646293
"2016-07-14 11:28:58",12,8.2183,0.04786,78.158913,2.7019,4.0842,NA,NA,115.029312646293
"2016-07-21 11:13:16",0.1,28.0392,6.19873,29.933813,1.953,1.4448,NA,NA,28.2915261217839
"2016-07-21 11:13:16",1,28.0744,5.80052,29.861794,2.1445,1.4743,NA,NA,28.205535614934
"2016-07-21 11:13:16",2,27.5861,6.88819,29.965833,2.4547,1.6978,NA,NA,28.5553552209836
"2016-07-21 11:13:16",3,25.6366,8.32363,29.695458,5.3382,2.5149,NA,NA,29.3387266621908
"2016-07-21 11:13:16",4,22.0068,5.02155,28.315651,7.1222,1.9561,NA,NA,30.0326194583481
"2016-07-21 11:13:16",5,17.2642,1.72303,25.278478,7.343,1.7213,NA,NA,29.6610033659052
"2016-07-21 11:13:16",6,13.6919,3.19655,23.62298,3.6187,3.0915,NA,NA,30.1307644140461
"2016-07-21 11:13:16",7,11.5132,0.0821,24.206924,9.8876,7.7176,NA,NA,32.6062161568181
"2016-07-21 11:13:16",8,9.8368,0.0636,36.773949,3.2301,3.8959,NA,NA,51.7663784352461
"2016-07-21 11:13:16",9,8.8112,0.05237,57.775077,3.3509,3.8576,NA,NA,83.6357636152907
"2016-07-21 11:13:16",10,8.5406,0.05401,66.77164,2.5582,3.8364,NA,NA,97.3879237215024
"2016-07-21 11:13:16",11,8.222,0.05972,88.199532,3.2462,5.1538,NA,NA,129.79295706126
"2016-07-21 11:13:16",12,8.222,0.05972,88.199532,3.2462,5.1538,NA,NA,129.79295706126
"2016-07-24 17:23:04",0.1,29.4323,8.54843,30.866749,1.6143,1.3065,NA,NA,28.4576147040337
"2016-07-24 17:23:04",1,29.2099,8.50708,30.703533,1.8122,1.3142,NA,NA,28.418432688307
"2016-07-24 17:23:04",2,28.371,8.82347,30.531595,2.8098,1.6019,NA,NA,28.6846990955632
"2016-07-24 17:23:04",3,26.3451,9.03171,29.88132,4.121,2.0663,NA,NA,29.1328558557393
"2016-07-24 17:23:04",4,21.6842,4.76348,27.861414,4.963,1.1423,NA,NA,29.7452325221411
"2016-07-24 17:23:04",5,17.5582,1.67838,25.259791,6.7681,1.3943,NA,NA,29.4450648112687
"2016-07-24 17:23:04",6,13.8632,5.36386,23.461729,3.0775,2.5209,NA,NA,29.8007275922411
"2016-07-24 17:23:04",7,11.4884,0.05183,24.700824,7.1339,4.4504,NA,NA,33.2927310348152
"2016-07-24 17:23:04",8,9.618,0.04656,42.274388,3.007,2.8257,NA,NA,59.8614564237689
"2016-07-24 17:23:04",9,8.8948,0.0446,60.015684,2.4334,3.3833,NA,NA,86.6789310335604
"2016-07-24 17:23:04",10,8.515,0.03834,67.725568,2.1697,3.2,NA,NA,98.8497445399566
"2016-07-24 17:23:04",11,8.1889,0.03853,107.34002,3.8258,6.1303,NA,NA,158.106873952095
"2016-07-24 17:23:04",12,8.2071,0.03014,115.072542,3.6298,6.0396,NA,NA,169.409777859619
"2016-07-28 12:32:12",0.1,30.1595,5.40716,31.076772,1.6081,1.6354,NA,NA,28.2889922406103
"2016-07-28 12:32:12",1,30.0816,6.81738,31.127979,1.6747,1.4923,NA,NA,28.3740359311357
"2016-07-28 12:32:12",2,29.5923,7.11405,31.226912,1.8523,1.4919,NA,NA,28.7087807258115
"2016-07-28 12:32:12",3,25.8888,7.09352,30.262285,4.445,2.2339,NA,NA,29.7571256543222
"2016-07-28 12:32:12",4,21.5947,2.70145,28.52546,5.3519,1.6624,NA,NA,30.5098587395463
"2016-07-28 12:32:12",5,17.6227,1.07141,25.754116,4.8291,1.6583,NA,NA,29.9782432314096
"2016-07-28 12:32:12",6,14.1241,3.25311,23.507413,7.7497,3.4146,NA,NA,29.6709503098759
"2016-07-28 12:32:12",7,11.4341,0.10316,24.990875,5.9932,5.3378,NA,NA,33.7308248358319
"2016-07-28 12:32:12",8,9.5882,0.06995,45.324176,2.3806,2.9396,NA,NA,64.2317918018251
"2016-07-28 12:32:12",9,8.8645,0.061,65.078217,2.4956,3.8108,NA,NA,94.0692293621121
"2016-07-28 12:32:12",10,8.6185,0.05531,71.323116,2.5027,4.6586,NA,NA,103.801091915912
"2016-07-28 12:32:12",11,8.3452,0.05604,88.320558,2.9864,5.2888,NA,NA,129.522544670184
"2016-07-28 12:32:12",12,8.3452,0.05604,88.320558,2.9864,5.2888,NA,NA,129.522544670184
"2016-08-11 10:23:43",0.1,26.8593,4.31551,29.563351,3.1488,1.7175,NA,NA,28.5494837470017
"2016-08-11 10:23:43",1,26.8486,4.51785,29.446729,4.9426,1.7206,NA,NA,28.4424747079677
"2016-08-11 10:23:43",2,26.7885,4.94241,29.161839,4.0579,1.5195,NA,NA,28.1985661121121
"2016-08-11 10:23:43",3,26.594,4.85773,28.968853,6.2756,1.695,NA,NA,28.1129431991253
"2016-08-11 10:23:43",4,22.8739,0.3183,30.078889,4.4744,1.8914,NA,NA,31.3520489951396
"2016-08-11 10:23:43",5,18.6387,0.16181,27.373557,3.9236,2.1914,NA,NA,31.1594568723383
"2016-08-11 10:23:43",6,14.041,0.05914,26.213753,7.2072,5.0681,NA,NA,33.1532987109501
"2016-08-11 10:23:43",7,11.7723,0.0544,31.048082,6.5035,4.172,NA,NA,41.5441805899673
"2016-08-11 10:23:43",8,10.0555,0.0599,47.620113,3.8773,3.7483,NA,NA,66.6425627909089
"2016-08-11 10:23:43",9,8.8786,0.05362,71.921444,2.364,3.8022,NA,NA,103.920519391032
"2016-08-11 10:23:43",10,8.552,0.05352,84.989077,2.0698,4.0359,NA,NA,123.919107166186
"2016-08-11 10:23:43",11,8.3306,0.04874,105.148402,2.0347,4.527,NA,NA,154.26374904077
"2016-08-11 10:23:43",12,8.3306,0.04874,105.148402,2.0347,4.527,NA,NA,154.26374904077
"2016-08-18 10:50:33",0.1,27.0012,6.25616,30.417928,2.4539,1.6969,NA,NA,29.2980702063484
"2016-08-18 10:50:33",1,27.0234,5.9376,30.455303,2.6192,1.6849,NA,NA,29.3220938002282
"2016-08-18 10:50:33",2,26.9861,6.05204,30.941977,2.9532,1.7017,NA,NA,29.8111072537708
"2016-08-18 10:50:33",3,27.0792,7.21162,30.179562,3.2475,1.7257,NA,NA,29.0268277183336
"2016-08-18 10:50:33",4,23.4864,1.1734,30.046895,8.4928,1.9863,NA,NA,30.9414035507143
"2016-08-18 10:50:33",5,18.2633,1.45951,27.566422,5.5089,1.4629,NA,NA,31.6372128677958
"2016-08-18 10:50:33",6,14.0335,0.11651,27.804666,8.3384,6.3973,NA,NA,35.1717449790798
"2016-08-18 10:50:33",7,11.7512,0.0818,31.922382,10.1449,6.1414,NA,NA,42.7370920317979
"2016-08-18 10:50:33",8,9.9001,0.07925,54.869381,5.2637,3.7242,NA,NA,77.1079325508352
"2016-08-18 10:50:33",9,9.0542,0.07524,74.697316,3.5617,4.6127,NA,NA,107.410890118565
"2016-08-18 10:50:33",10,8.6738,0.06705,89.051165,2.4338,5.2745,NA,NA,129.402937281825
"2016-08-18 10:50:33",11,8.4636,0.05964,102.139736,2.7974,6.1662,NA,NA,149.293320710069
"2016-08-18 10:50:33",12,8.4636,0.05964,102.139736,2.7974,6.1662,NA,NA,149.293320710069
"2016-08-23 10:40:36",0.1,26.1061,5.61162,29.541635,2.2813,1.944,NA,NA,28.9304358575511
"2016-08-23 10:40:36",1,26.0835,6.29743,29.52643,2.5811,2.2609,NA,NA,28.9277740550959
"2016-08-23 10:40:36",2,25.9633,6.31344,29.459866,4.0066,2.222,NA,NA,28.9276257460693
"2016-08-23 10:40:36",3,25.6164,6.86939,29.687572,4.5848,2.2206,NA,NA,29.3421201770468
"2016-08-23 10:40:36",4,23.4328,1.27987,30.295069,9.0184,2.7132,NA,NA,31.2298895226232
"2016-08-23 10:40:36",5,19.2235,0.63319,28.190127,6.3995,1.6774,NA,NA,31.6860897175393
"2016-08-23 10:40:36",6,15.004,0.38446,26.079765,4.167,1.6845,NA,NA,32.2339954545702
"2016-08-23 10:40:36",7,11.6803,0.10672,34.01348,5.3803,5.7744,NA,NA,45.6193213963857
"2016-08-23 10:40:36",8,9.9155,0.07858,58.127152,3.1257,4.1111,NA,NA,81.6523262395716
"2016-08-23 10:40:36",9,9.2921,0.07138,77.212408,2.9999,4.6584,NA,NA,110.306731868041
"2016-08-23 10:40:36",10,8.9192,0.07165,83.100736,2.5762,4.9041,NA,NA,119.939279797993
"2016-08-23 10:40:36",11,8.5158,0.0787,102.99787,2.4574,5.2356,NA,NA,150.328544720412
"2016-08-23 10:40:36",12,8.5158,0.0787,102.99787,2.4574,5.2356,NA,NA,150.328544720412
"2016-09-06 10:06:54",0.1,24.4408,8.07752,33.463504,5.2938,2.5302,NA,NA,33.8247769718993
"2016-09-06 10:06:54",1,24.7741,6.82238,29.279961,5.2741,2.5271,NA,NA,29.4068424088731
"2016-09-06 10:06:54",2,24.7606,6.29207,29.144981,6.066,2.5324,NA,NA,29.2788597573951
"2016-09-06 10:06:54",3,24.7629,5.83101,29.094173,6.749,2.5539,NA,NA,29.2265285494543
"2016-09-06 10:06:54",4,24.6976,7.528,29.146004,6.8647,2.5335,NA,NA,29.3153246245796
"2016-09-06 10:06:54",5,19.2401,0.18239,28.4659,6.8408,2.534,NA,NA,31.9846636673158
"2016-09-06 10:06:54",6,15.2194,0.07914,28.060392,7.8938,2.8115,NA,NA,34.5065401277295
"2016-09-06 10:06:54",7,11.7998,0.06622,37.806139,4.235,6.4015,NA,NA,50.5513345805451
"2016-09-06 10:06:54",8,9.876,0.05912,68.219268,1.8381,3.7028,NA,NA,95.9305816251169
"2016-09-06 10:06:54",9,9.1936,0.06566,85.501513,1.5521,3.2396,NA,NA,122.477850380153
"2016-09-06 10:06:54",10,8.9355,0.06127,93.85039,1.3676,3.3074,NA,NA,135.393415781353
"2016-09-06 10:06:54",11,8.4327,0.05155,136.186434,1.4444,3.9053,NA,NA,199.229802094629
"2016-09-06 10:06:54",12,8.3088,0.05832,246.896258,1.9795,5.2727,NA,NA,362.444148403941
"2016-09-16 14:30:25",0.1,23.9064,5.95542,28.955521,7.1325,2.8152,NA,NA,29.573239733986
"2016-09-16 14:30:25",1,24.5677,5.8254,29.161813,7.1659,2.9286,NA,NA,29.4046047632075
"2016-09-16 14:30:25",2,24.5671,5.96168,29.321386,8.6321,2.9915,NA,NA,29.5658479616274
"2016-09-16 14:30:25",3,24.5396,6.69263,29.322533,9.7319,2.949,NA,NA,29.5826723710691
"2016-09-16 14:30:25",4,24.0576,4.25967,30.003285,15.2985,3.2403,NA,NA,30.553238402731
"2016-09-16 14:30:25",5,19.0063,0.19047,28.950383,21.1816,3.9925,NA,NA,32.6930754938173
"2016-09-16 14:30:25",6,15.1253,0.10554,30.365345,6.4718,2.9844,NA,NA,37.4237100795135
"2016-09-16 14:30:25",7,12.0496,0.09142,44.894173,2.9909,6.3576,NA,NA,59.648349792923
"2016-09-16 14:30:25",8,9.9364,0.08094,78.639244,1.7158,3.3439,NA,NA,110.404146518605
"2016-09-16 14:30:25",9,9.2383,0.06631,98.371955,1.1544,2.801,NA,NA,140.742169918421
"2016-09-16 14:30:25",10,9.021,0.06817,102.837289,1.0804,3.2435,NA,NA,148.009680756119
"2016-09-16 14:30:25",11,8.7395,0.07341,117.505803,1.1628,3.4366,NA,NA,170.440434771352
"2016-09-16 14:30:25",12,8.7395,0.07341,117.505803,1.1628,3.4366,NA,NA,170.440434771352
"2016-09-16 19:12:24",0.1,23.7917,6.21738,28.032558,10.0867,2.7678,NA,NA,28.6947916089919
"2016-09-16 19:12:24",1,24.4445,6.05126,28.521535,9.468,2.8009,NA,NA,28.827395103417
"2016-09-16 19:12:24",2,24.5027,7.53056,29.365229,11.3014,2.8125,NA,NA,29.6468273139638
"2016-09-16 19:12:24",3,24.5174,7.68053,29.366299,10.402,2.9282,NA,NA,29.6395058878421
"2016-09-16 19:12:24",4,24.3556,6.88601,29.439572,11.3407,2.8387,NA,NA,29.8064307418276
"2016-09-16 19:12:24",5,20.1539,0.31789,29.848004,13.1433,3.4264,NA,NA,32.8925557339366
"2016-09-16 19:12:24",6,15.1126,0.17666,31.920063,15.969,3.5317,NA,NA,39.3515835886764
"2016-09-16 19:12:24",7,12.3301,0.12123,44.811458,3.9593,6.6055,NA,NA,59.1176355308833
"2016-09-16 19:12:24",8,10.1859,0.08911,74.364308,1.7897,3.4183,NA,NA,103.708578817489
"2016-09-16 19:12:24",9,9.3064,0.07562,96.309667,1.1648,2.7832,NA,NA,137.535678572053
"2016-09-16 19:12:24",10,8.9027,0.06629,106.551801,1.0542,2.9602,NA,NA,153.856180792151
"2016-09-16 19:12:24",11,8.6729,0.0619,120.296722,1.3506,3.839,NA,NA,174.811166462707
"2016-09-16 19:12:24",12,8.6729,0.0619,120.296722,1.3506,3.839,NA,NA,174.811166462707
"2016-09-16 20:17:24",0.1,23.9941,6.59638,27.85465,10.3773,2.9264,NA,NA,28.4002960845813
"2016-09-16 20:17:24",1,24.4396,6.46363,28.297702,11.2679,2.8515,NA,NA,28.6038675003312
"2016-09-16 20:17:24",2,24.5129,7.57186,29.293338,10.7776,3.0049,NA,NA,29.5684311517477
"2016-09-16 20:17:24",3,24.5397,7.77838,29.265062,10.7972,2.9698,NA,NA,29.5246346158916
"2016-09-16 20:17:24",4,24.4797,5.79193,29.401051,10.7652,2.9948,NA,NA,29.6961634544462
"2016-09-16 20:17:24",5,21.5462,5.9326,30.131129,12.776,3.4343,NA,NA,32.2591896756646
"2016-09-16 20:17:24",6,21.6585,5.0538,30.97107,19.3879,3.8135,NA,NA,33.0824816473075
"2016-09-16 20:17:24",7,11.7465,0.25374,48.471687,5.9148,6.4156,NA,NA,64.9007940798397
"2016-09-16 20:17:24",8,10.327,0.11733,72.633631,2.183,3.7674,NA,NA,100.915685915178
"2016-09-16 20:17:24",9,9.2365,0.08522,97.695115,1.3105,2.9314,NA,NA,139.780680728753
"2016-09-16 20:17:24",10,8.892,0.07518,107.054608,1.1035,2.8697,NA,NA,154.627843195483
"2016-09-16 20:17:24",11,8.529,0.07624,157.425933,1.4728,4.2709,NA,NA,229.683450882027
"2016-09-16 20:17:24",12,8.514,0.07779,183.084142,1.4751,4.1529,NA,NA,267.230319942246
"2016-09-16 22:52:25",0.1,23.6904,5.53069,28.179353,9.7589,2.8276,NA,NA,28.9022965483917
"2016-09-16 22:52:25",1,24.4304,6.1056,28.692695,9.8558,2.9254,NA,NA,29.0082865928265
"2016-09-16 22:52:25",2,24.4664,6.09031,28.970359,10.7431,2.7907,NA,NA,29.2686581392776
"2016-09-16 22:52:25",3,24.4629,7.46896,29.218013,10.5971,2.8112,NA,NA,29.5208559480371
"2016-09-16 22:52:25",4,24.3416,7.44,29.51321,9.7949,3.131,NA,NA,29.8890783109547
"2016-09-16 22:52:25",5,19.4339,0.59741,30.145856,9.0723,3.2358,NA,NA,33.731988348634
"2016-09-16 22:52:25",6,14.5839,0.29548,35.917892,15.1311,4.7765,NA,NA,44.8383750732739
"2016-09-16 22:52:25",7,12.2349,0.1532,47.421421,13.0989,6.3052,NA,NA,62.7112694500441
"2016-09-16 22:52:25",8,10.3895,0.11275,77.807171,3.035,3.8408,NA,NA,107.924696033765
"2016-09-16 22:52:25",9,9.3057,0.09432,101.85363,1.6364,3.401,NA,NA,145.4555500468
"2016-09-16 22:52:25",10,9.0233,0.08089,112.560481,1.7377,4.0927,NA,NA,161.993647705878
"2016-09-16 22:52:25",11,8.6764,0.07756,127.636345,1.8345,4.9617,NA,NA,185.458844481012
"2016-09-16 22:52:25",12,8.6764,0.07756,127.636345,1.8345,4.9617,NA,NA,185.458844481012
"2016-09-16 23:59:20",0.1,23.6901,6.12914,27.905735,9.3707,2.8021,NA,NA,28.6218270673628
"2016-09-16 23:59:20",1,24.3892,6.18911,28.38041,10.3386,2.8085,NA,NA,28.7154120371407
"2016-09-16 23:59:20",2,24.4181,6.40382,28.724579,10.3161,2.8983,NA,NA,29.0474204546853
"2016-09-16 23:59:20",3,24.4277,7.46602,29.208694,10.104,2.9768,NA,NA,29.5315007676865
"2016-09-16 23:59:20",4,24.3251,7.30584,29.407602,10.7587,2.9783,NA,NA,29.7916337359199
"2016-09-16 23:59:20",5,18.9454,0.57667,29.558294,7.6127,3.1923,NA,NA,33.4234809253646
"2016-09-16 23:59:20",6,15.2887,0.11237,30.308087,15.5529,4.7229,NA,NA,37.2100180896792
"2016-09-16 23:59:20",7,12.1481,0.10035,42.381428,13.2772,5.4478,NA,NA,56.1694040774141
"2016-09-16 23:59:20",8,10.0549,0.08798,82.039616,2.4833,3.7431,NA,NA,114.813208154256
"2016-09-16 23:59:20",9,9.2335,0.07697,98.210042,1.3089,3.0396,NA,NA,140.528951548726
"2016-09-16 23:59:20",10,8.9679,0.0675,109.301904,1.1525,3.1584,NA,NA,157.543916691767
"2016-09-16 23:59:20",11,8.6232,0.07215,128.14988,1.472,4.1764,NA,NA,186.480352417492
"2016-09-16 23:59:20",12,8.6232,0.07215,128.14988,1.472,4.1764,NA,NA,186.480352417492
"2016-09-17 07:34:20",0.1,24.1064,5.83158,28.896255,9.2544,2.8168,NA,NA,29.3980132343609
"2016-09-17 07:34:20",1,24.1108,6.03854,28.90548,9.2542,2.8205,NA,NA,29.4048843219565
"2016-09-17 07:34:20",2,24.0911,5.85935,28.899225,9.2314,2.8173,NA,NA,29.4097784599672
"2016-09-17 07:34:20",3,24.1135,7.21141,29.469511,9.1875,2.8311,NA,NA,29.9770875428385
"2016-09-17 07:34:20",4,24.1572,7.34841,29.174942,9.475,2.8466,NA,NA,29.6522688040275
"2016-09-17 07:34:20",5,19.255,0.93098,29.621804,15.3243,3.5267,NA,NA,33.2728131506098
"2016-09-17 07:34:20",6,14.7529,0.14805,32.072313,8.6776,3.832,NA,NA,39.8770297010474
"2016-09-17 07:34:20",7,11.8863,0.10342,48.038425,3.7492,5.4689,NA,NA,64.09154007561
"2016-09-17 07:34:20",8,10.2733,0.09204,73.241354,1.8809,3.306,NA,NA,101.905263444515
"2016-09-17 07:34:20",9,9.2798,0.07901,96.053833,1.1718,2.9929,NA,NA,137.26992770415
"2016-09-17 07:34:20",10,8.8595,0.0728,111.213781,1.2812,3.3371,NA,NA,160.779436429479
"2016-09-17 07:34:20",11,8.5554,0.06826,135.367948,1.8407,5.0867,NA,NA,197.355797527057
"2016-09-17 07:34:20",12,8.5432,0.07462,207.456218,1.6911,5.5356,NA,NA,302.557598998196
"2016-09-17 11:03:15",0.1,23.6446,5.80174,27.769832,6.8814,2.6139,NA,NA,28.507847137802
"2016-09-17 11:03:15",1,23.8721,6.33364,28.646454,7.004,2.6835,NA,NA,29.2771688275636
"2016-09-17 11:03:15",2,24.1239,5.98804,28.842577,7.9688,2.7974,NA,NA,29.3334282143593
"2016-09-17 11:03:15",3,24.1133,5.14665,28.856661,8.8182,2.8136,NA,NA,29.3537960085876
"2016-09-17 11:03:15",4,23.3136,4.72241,29.433623,9.169,2.8204,NA,NA,30.4132407848581
"2016-09-17 11:03:15",5,23.3307,3.94449,29.961466,17.9124,3.2211,NA,NA,30.9482071871174
"2016-09-17 11:03:15",6,15.1888,0.26129,31.806603,6.7984,3.4872,NA,NA,39.1414779963251
"2016-09-17 11:03:15",7,11.9598,0.15859,54.838026,2.7313,5.3854,NA,NA,73.0266027485998
"2016-09-17 11:03:15",8,10.1613,0.1241,81.68058,1.6013,3.6709,NA,NA,113.986554733818
"2016-09-17 11:03:15",9,9.1305,0.07759,99.514912,1.0664,2.9849,NA,NA,142.798071237811
"2016-09-17 11:03:15",10,8.9742,0.0713,110.804717,1.1642,3.2456,NA,NA,159.682323236239
"2016-09-17 11:03:15",11,8.6534,0.07019,123.629013,1.7185,4.6184,NA,NA,179.750826986899
"2016-09-17 11:03:15",12,8.6534,0.07019,123.629013,1.7185,4.6184,NA,NA,179.750826986899
"2016-09-27 10:13:12",0.1,22.3727,5.29641,30.542583,4.1265,2.7879,NA,NA,32.1562285310973
"2016-09-27 10:13:12",1,22.4719,5.24706,28.122549,4.9395,2.8016,NA,NA,29.549391918232
"2016-09-27 10:13:12",2,22.4547,5.25368,28.094868,5.2315,2.8206,NA,NA,29.5305000520452
"2016-09-27 10:13:12",3,22.4143,5.68429,28.022352,5.9056,2.777,NA,NA,29.4781874094249
"2016-09-27 10:13:12",4,22.392,5.87293,27.921628,6.3494,2.7987,NA,NA,29.3853968986322
"2016-09-27 10:13:12",5,20.5515,1.65984,29.218004,5.7166,2.8121,NA,NA,31.9310705130899
"2016-09-27 10:13:12",6,15.2124,0.12439,32.280277,1.7307,2.588,NA,NA,39.7023620144442
"2016-09-27 10:13:12",7,12.0962,0.09154,49.155538,2.1456,5.6435,NA,NA,65.2330417778058
"2016-09-27 10:13:12",8,10.0974,0.07425,81.729595,1.0407,2.5158,NA,NA,114.249547298079
"2016-09-27 10:13:12",9,9.3846,0.07542,102.915253,0.8564,2.5556,NA,NA,146.656017322282
"2016-09-27 10:13:12",10,9.0248,0.06572,109.984861,0.8315,2.5659,NA,NA,158.280366871861
"2016-09-27 10:13:12",11,8.6638,0.06092,142.446922,1.254,3.3821,NA,NA,207.051391047669
"2016-09-27 10:13:12",12,8.6545,0.05217,155.572052,1.3785,3.1227,NA,NA,226.187608493417
"2016-10-11 10:02:07",0.1,16.6438,5.74384,23.995873,1.2391,2.7389,NA,NA,28.5530350444786
"2016-10-11 10:02:07",1,17.3864,5.63573,24.106579,1.9721,2.7632,NA,NA,28.2086782161029
"2016-10-11 10:02:07",2,17.4447,5.82393,24.04298,2.5519,2.7894,NA,NA,28.097645259238
"2016-10-11 10:02:07",3,17.4365,6.99839,24.026508,2.4588,2.8902,NA,NA,28.0835355893078
"2016-10-11 10:02:07",4,17.4219,6.99467,24.140854,2.7339,2.753,NA,NA,28.2263899482342
"2016-10-11 10:02:07",5,17.3946,7.10012,24.00828,2.7244,2.7676,NA,NA,28.0885043380486
"2016-10-11 10:02:07",6,17.3118,6.87434,24.174054,2.1489,2.787,NA,NA,28.3348784602402
"2016-10-11 10:02:07",7,16.9044,5.64645,24.301485,3.6938,3.2125,NA,NA,28.7464292137478
"2016-10-11 10:02:07",8,12.2037,0.20281,56.552797,3.7894,12.2192,NA,NA,74.8458116879606
"2016-10-11 10:02:07",9,10.3692,0.11639,90.876064,2.2205,2.8993,NA,NA,126.120112516004
"2016-10-11 10:02:07",10,9.7842,0.09635,106.634698,2.2334,3.101,NA,NA,150.321358893708
"2016-10-11 10:02:07",11,9.1435,0.08853,119.460458,1.5765,2.8001,NA,NA,171.357707699958
"2016-10-11 10:02:07",12,8.8005,0.07824,230.262784,1.4786,3.5568,NA,NA,333.429290958718
"2016-11-11 15:43:46",0.1,13.1832,6.94835,28.241399,1.7426,7.6636,NA,NA,36.4735000602868
"2016-11-11 15:43:46",1,12.8383,7.20945,26.312621,1.9109,7.6047,NA,NA,34.2740990225847
"2016-11-11 15:43:46",2,12.7843,8.03498,23.681948,2.2899,7.5723,NA,NA,30.8889549543954
"2016-11-11 15:43:46",3,12.7694,8.14733,23.367582,2.2129,7.5346,NA,NA,30.4902374562357
"2016-11-11 15:43:46",4,12.7703,8.1948,23.463153,2.1832,7.5547,NA,NA,30.614252714722
"2016-11-11 15:43:46",5,12.7665,8.15476,23.500764,2.1744,7.5218,NA,NA,30.6662309158668
"2016-11-11 15:43:46",6,12.7711,8.17493,23.476669,2.5673,7.7687,NA,NA,30.6312774242163
"2016-11-11 15:43:46",7,12.7717,8.16413,23.459803,2.3169,7.8128,NA,NA,30.6088137658151
"2016-11-11 15:43:46",8,12.7684,8.14362,23.523807,2.5144,7.7886,NA,NA,30.6948462559731
"2016-11-11 15:43:46",9,12.7692,8.1557,23.544886,2.3595,7.7887,NA,NA,30.7217384864231
"2016-11-11 15:43:46",10,12.7683,8.15092,23.45268,2.1525,7.649,NA,NA,30.6021130425616
"2016-11-11 15:43:46",11,12.7498,8.13903,23.506863,2.5441,7.7567,NA,NA,30.6869622064497
"2016-11-11 15:43:46",12,12.7498,8.13903,23.506863,2.5441,7.7567,NA,NA,30.6869622064497
"2017-03-17 12:00:00",0.1,6.3087,9.57643,108.402142,0.7966,2.2023,NA,NA,168.589094395383
"2017-03-17 12:00:00",1,5.9303,9.67311,70.204028,1.1063,2.0867,NA,NA,110.423845476011
"2017-03-17 12:00:00",2,5.6199,9.86347,32.788657,2.1363,2.1829,NA,NA,52.0587011220578
"2017-03-17 12:00:00",3,5.6631,9.2906,37.690637,2.7556,2.1731,NA,NA,59.7633045272943
"2017-03-17 12:00:00",4,5.604,9.05202,31.020218,3.29,2.1186,NA,NA,49.2747011928143
"2017-03-17 12:00:00",5,5.4605,10.14606,19.768934,3.553,2.1396,NA,NA,31.5396846707032
"2017-03-17 12:00:00",6,5.4767,9.04219,22.125168,3.8836,2.1566,NA,NA,35.2814425948498
"2017-03-17 12:00:00",7,5.4456,9.00976,22.324683,3.7886,2.0824,NA,NA,35.6333478986545
"2017-03-17 12:00:00",8,5.4093,9.50962,18.939026,4.0593,2.1694,NA,NA,30.2628514955707
"2017-03-17 12:00:00",9,5.4108,9.43774,18.899932,4.1285,2.2056,NA,NA,30.1990003040363
"2017-03-17 12:00:00",10,5.4045,9.50031,18.056289,4.0648,2.1989,NA,NA,28.8565449459144
"2017-03-17 12:00:00",11,5.3946,9.40292,17.929819,4.1602,2.179,NA,NA,28.6630894940388
"2017-03-17 12:00:00",12,5.3951,9.48623,18.032026,3.9958,2.3899,NA,NA,28.8260402613453
"2017-04-10 12:00:00",0.1,13.3044,8.23854,25.030424,1.5131,1.9413,NA,NA,32.2301976410316
"2017-04-10 12:00:00",1,13.2181,8.32569,25.598391,1.7503,1.9836,NA,NA,33.0316434258749
"2017-04-10 12:00:00",2,12.7338,7.41942,24.23174,1.7783,1.9157,NA,NA,31.6458756135013
"2017-04-10 12:00:00",3,12.1952,7.53637,21.437263,2.3782,1.9005,NA,NA,28.377626880602
"2017-04-10 12:00:00",4,11.6176,8.00189,20.858605,3.9286,2.1792,NA,NA,28.0208390650484
"2017-04-10 12:00:00",5,11.3089,7.70247,20.70772,3.4771,2.1389,NA,NA,28.0402441169972
"2017-04-10 12:00:00",6,10.9622,8.10898,20.236532,3.8595,2.2342,NA,NA,27.6501431208441
"2017-04-10 12:00:00",7,10.7884,7.96946,20.014877,2.6991,2.2298,NA,NA,27.471889557686
"2017-04-10 12:00:00",8,10.099,8.18639,19.967592,3.1841,2.8009,NA,NA,27.9114425414134
"2017-04-10 12:00:00",9,9.064,9.34035,19.9494,2.8779,2.9508,NA,NA,28.6784899393694
"2017-04-10 12:00:00",10,8.6244,7.97927,19.76524,2.6464,3.1574,NA,NA,28.7609008529421
"2017-04-10 12:00:00",11,8.1627,8.11341,19.55539,1.718,3.4754,NA,NA,28.8254301171787
"2017-04-10 12:00:00",12,8.1627,8.11341,19.55539,1.718,3.4754,NA,NA,28.8254301171787
"2017-05-05 12:00:00",0.1,17.6876,8.85413,22.290604,0.9942,1.281,NA,NA,25.909269846114
"2017-05-05 12:00:00",1,17.4895,8.85697,22.169043,1.361,1.304,NA,NA,25.8818016869896
"2017-05-05 12:00:00",2,17.2877,8.81592,21.95437,2.4352,1.365,NA,NA,25.747035220926
"2017-05-05 12:00:00",3,15.4411,9.52474,21.51516,3.1501,1.7471,NA,NA,26.3206529489476
"2017-05-05 12:00:00",4,13.4176,9.0638,21.133043,3.8831,1.9593,NA,NA,27.1362223003847
"2017-05-05 12:00:00",5,12.2855,9.26749,20.701717,2.6929,1.1937,NA,NA,27.341522298563
"2017-05-05 12:00:00",6,11.2751,7.31099,20.401331,2.6756,1.06,NA,NA,27.649534547066
"2017-05-05 12:00:00",7,10.513,4.98038,20.436511,1.9023,0.8626,NA,NA,28.2546094744036
"2017-05-05 12:00:00",8,9.0513,1.13542,22.630652,0.8752,1.6573,NA,NA,32.5443031616261
"2017-05-05 12:00:00",9,8.7279,0.26703,24.160084,0.5212,3.9852,NA,NA,35.0551112749977
"2017-05-05 12:00:00",10,8.4378,0.07605,27.775212,0.7611,5.048,NA,NA,40.627112246318
"2017-05-05 12:00:00",11,8.2339,0.06881,43.026679,1.1696,4.1232,NA,NA,63.2961705773838
"2017-05-05 12:00:00",12,8.2339,0.06881,43.026679,1.1696,4.1232,NA,NA,63.2961705773838
"2017-05-10 12:00:00",0.1,15.7904,7.11656,21.367256,1.6801,2.1188,NA,NA,25.9280950350677
"2017-05-10 12:00:00",1,15.6988,8.53039,21.2938,2.7364,2.1599,NA,NA,25.8939327661989
"2017-05-10 12:00:00",2,15.6557,8.78688,21.275964,2.5282,2.1577,NA,NA,25.898168972254
"2017-05-10 12:00:00",3,15.6376,8.7894,21.26854,2.5267,2.0908,NA,NA,25.9000312429157
"2017-05-10 12:00:00",4,14.2062,7.74158,21.257453,2.5739,2.5146,NA,NA,26.7780602002105
"2017-05-10 12:00:00",5,12.3822,7.86917,21.04326,1.7954,1.9847,NA,NA,27.7249795065882
"2017-05-10 12:00:00",6,11.06,5.05903,20.714226,1.3299,1.1759,NA,NA,28.2307855852025
"2017-05-10 12:00:00",7,9.9571,2.5109,21.281207,1.1093,1.0664,NA,NA,29.8607913578566
"2017-05-10 12:00:00",8,9.1305,0.11101,23.590201,0.5554,3.2536,NA,NA,33.850557019156
"2017-05-10 12:00:00",9,8.8882,0.06578,25.779621,0.6314,4.6209,NA,NA,37.2395472124518
"2017-05-10 12:00:00",10,8.5217,0.05495,31.293866,0.5926,3.9437,NA,NA,45.6668445104122
"2017-05-10 12:00:00",11,8.2618,0.05853,56.807541,1.0376,2.2427,NA,NA,83.5036149766666
"2017-05-10 12:00:00",12,8.2618,0.05853,56.807541,1.0376,2.2427,NA,NA,83.5036149766666
"2017-06-15 12:00:00",0.1,26.2086,8.3707,27.255051,NA,NA,8.437,245.4166,26.6400843660717
"2017-06-15 12:00:00",1,25.3455,8.9144,26.976149,NA,NA,8.592,245.1516,26.7992990853707
"2017-06-15 12:00:00",2,21.9193,9.8026,24.995779,NA,NA,8.798,245.568,26.5585186208195
"2017-06-15 12:00:00",3,19.8614,8.4812,24.35436,NA,NA,8.49,277.5574,27.004807902452
"2017-06-15 12:00:00",4,15.8337,4.5449,23.043654,NA,NA,8.236,303.7168,27.934286332213
"2017-06-15 12:00:00",5,14.0315,2.6451,22.458038,NA,NA,8.106,316.134,28.4098559440072
"2017-06-15 12:00:00",6,12.0898,0.6017,22.653432,NA,NA,7.967,322.8726,30.0676607020315
"2017-06-15 12:00:00",7,10.8071,0.8035,23.239294,NA,NA,7.818,326.734,31.8820089475104
"2017-06-15 12:00:00",8,9.7965,0.0784,39.256965,NA,NA,7.527,281.381,55.3216425033837
"2017-06-15 12:00:00",9,9.3027,0.072,46.181482,NA,NA,7.294,124.8791,65.9564375566184
"2017-06-15 12:00:00",10,8.9972,0.0618,53.387729,NA,NA,7.222,55.2975,76.8891719944099
"2017-06-15 12:00:00",11,8.8293,0.0556,93.851684,NA,NA,7.153,11.1181,135.792653070697
"2017-06-15 12:00:00",12,8.8293,0.0556,93.851684,NA,NA,7.153,11.1181,135.792653070697
"2017-06-29 12:00:00",0.1,24.3461,9.1216,27.979692,NA,NA,9.04,253.2929,28.3335637612606
"2017-06-29 12:00:00",1,23.5983,9.1758,27.458073,NA,NA,9.169,251.6244,28.2134158288761
"2017-06-29 12:00:00",2,23.4092,8.7252,26.676617,NA,NA,9.096,253.3054,27.5125665248084
"2017-06-29 12:00:00",3,19.6778,2.3622,27.115599,NA,NA,8.436,287.5267,30.1839153329322
"2017-06-29 12:00:00",4,16.5591,1.1385,24.632181,NA,NA,8.015,307.8703,29.366718265093
"2017-06-29 12:00:00",5,13.0192,0.0025,24.224461,NA,NA,7.851,318.6626,31.4127417220494
"2017-06-29 12:00:00",6,11.0845,0.0595,25.930909,NA,NA,7.584,221.9412,35.3179192522833
"2017-06-29 12:00:00",7,10.0247,0.0412,42.244941,NA,NA,7.173,112.2194,59.1689234435698
"2017-06-29 12:00:00",8,9.5173,0.0353,51.951399,NA,NA,7.01,62.7081,73.7652173580913
"2017-06-29 12:00:00",9,9.237,0.031,54.516599,NA,NA,6.985,27.6836,78.0004526941094
"2017-06-29 12:00:00",10,9.1118,0.0324,56.249031,NA,NA,6.981,3.342,80.7554542311978
"2017-06-29 12:00:00",11,8.897,0.0293,68.596764,NA,NA,6.966,-3.7871,99.0663265902953
"2017-06-29 12:00:00",12,8.897,0.0293,68.596764,NA,NA,6.966,-3.7871,99.0663265902953
"2017-07-13 12:00:00",0.1,28.0738,5.9935,29.416763,NA,NA,9.149,232.5063,27.7854886323027
"2017-07-13 12:00:00",1,28.0074,6.145,29.458377,NA,NA,8.943,232.8736,27.8581665816092
"2017-07-13 12:00:00",2,24.1203,7.4567,28.144575,NA,NA,8.688,244.4561,28.6255492066687
"2017-07-13 12:00:00",3,18.5308,1.2289,27.741636,NA,NA,8.233,266.1907,31.6526977803845
"2017-07-13 12:00:00",4,13.1887,-0.0023,25.195398,NA,NA,8.033,274.3614,32.5352044527343
"2017-07-13 12:00:00",5,11.5266,0.0792,29.977377,NA,NA,7.689,165.0591,40.3649790052773
"2017-07-13 12:00:00",6,10.3778,0.0616,44.303227,NA,NA,7.369,107.9723,61.4711318042372
"2017-07-13 12:00:00",7,9.6621,0.0513,59.963052,NA,NA,7.042,85.5273,84.8078380630649
"2017-07-13 12:00:00",8,9.3755,0.0513,60.147324,NA,NA,6.923,67.2587,85.732212393581
"2017-07-13 12:00:00",9,9.0374,0.0463,70.693706,NA,NA,6.825,54.7637,101.700830974081
"2017-07-13 12:00:00",10,9.0726,0.0375,70.242709,NA,NA,6.735,-35.6883,100.9543773087
"2017-07-13 12:00:00",11,9.0726,0.0375,70.242709,NA,NA,6.735,-35.6883,100.9543773087
"2017-07-13 12:00:00",12,9.0726,0.0375,70.242709,NA,NA,6.735,-35.6883,100.9543773087
"2017-08-24 12:00:00",0.1,26.3055,NA,30.161258,NA,NA,8.448,238.5434,29.4274822585099
"2017-08-24 12:00:00",1,26.2893,NA,30.062548,NA,NA,8.461,241.0089,29.3400312463392
"2017-08-24 12:00:00",2,24.9135,NA,29.975637,NA,NA,8.229,250.4089,30.0252432055621
"2017-08-24 12:00:00",3,20.8974,NA,28.923218,NA,NA,7.225,267.1194,31.3823264289842
"2017-08-24 12:00:00",4,16.0907,NA,26.549971,NA,NA,7.041,278.7638,31.9943785755188
"2017-08-24 12:00:00",5,12.5783,NA,44.510513,NA,NA,6.829,202.4656,58.3556523759635
"2017-08-24 12:00:00",6,10.69,NA,64.452649,NA,NA,6.812,79.5983,88.694800592834
"2017-08-24 12:00:00",7,9.9009,NA,81.911745,NA,NA,6.917,37.2865,115.108090743153
"2017-08-24 12:00:00",8,9.5707,NA,81.817461,NA,NA,7.002,3.1125,116.003712007127
"2017-08-24 12:00:00",9,9.4142,NA,86.325535,NA,NA,7.043,-19.6549,122.916354661114
"2017-08-24 12:00:00",10,9.4332,NA,94.914363,NA,NA,7.078,-39.2635,135.075933919411
"2017-08-24 12:00:00",11,9.4332,NA,94.914363,NA,NA,7.078,-39.2635,135.075933919411
"2017-08-24 12:00:00",12,9.4332,NA,94.914363,NA,NA,7.078,-39.2635,135.075933919411
"2017-10-17 12:00:00",0.1,19.345,NA,26.606068,NA,NA,7.143,323.8243,29.8277816050525
"2017-10-17 12:00:00",1,19.2625,NA,26.364824,NA,NA,7.651,318.1681,29.6096326005747
"2017-10-17 12:00:00",2,18.7994,NA,25.966134,NA,NA,7.623,320.1718,29.454469870261
"2017-10-17 12:00:00",3,18.3749,NA,25.824379,NA,NA,7.535,321.7358,29.5655915053935
"2017-10-17 12:00:00",4,16.7323,NA,37.481726,NA,NA,7.134,262.4623,44.51051864681
"2017-10-17 12:00:00",5,14.4588,NA,62.385292,NA,NA,6.747,100.1961,78.1121521230204
"2017-10-17 12:00:00",6,12.3432,NA,72.874465,NA,NA,6.769,57.1823,96.1081080468009
"2017-10-17 12:00:00",7,10.97,NA,92.754392,NA,NA,6.824,33.6069,126.708976581465
"2017-10-17 12:00:00",8,10.3593,NA,100.623632,NA,NA,6.954,4.9362,139.684691861375
"2017-10-17 12:00:00",9,10.013,NA,103.570114,NA,NA,7.048,-19.5155,145.107335457051
"2017-10-17 12:00:00",10,9.9099,NA,179.373183,NA,NA,7.097,-35.4536,252.006817171322
"2017-10-17 12:00:00",11,9.9099,NA,179.373183,NA,NA,7.097,-35.4536,252.006817171322
"2017-10-17 12:00:00",12,9.9099,NA,179.373183,NA,NA,7.097,-35.4536,252.006817171322
